Data Source,World Development Indicators,,,,,,,,,,,,,,,,,,,,,,,,,,,,,,,,,,,,,,,,,,,,,,,,,,,,,,,,,,,
,,,,,,,,,,,,,,,,,,,,,,,,,,,,,,,,,,,,,,,,,,,,,,,,,,,,,,,,,,,,
Last Updated Date,18/09/17,,,,,,,,,,,,,,,,,,,,,,,,,,,,,,,,,,,,,,,,,,,,,,,,,,,,,,,,,,,
,,,,,,,,,,,,,,,,,,,,,,,,,,,,,,,,,,,,,,,,,,,,,,,,,,,,,,,,,,,,
Country Name,Country Code,Indicator Name,Indicator Code,1960,1961,1962,1963,1964,1965,1966,1967,1968,1969,1970,1971,1972,1973,1974,1975,1976,1977,1978,1979,1980,1981,1982,1983,1984,1985,1986,1987,1988,1989,1990,1991,1992,1993,1994,1995,1996,1997,1998,1999,2000,2001,2002,2003,2004,2005,2006,2007,2008,2009,2010,2011,2012,2013,2014,2015,2016
Aruba,ABW,"International tourism, receipts (% of total exports)",ST.INT.RCPT.XP.ZS,,,,,,,,,,,,,,,,,,,,,,,,,,,,,,,,,,,,27.80641,26.58060201,28.53309913,38.21337389,62.54294918,46.81596081,40.87787432,57.63461509,48.58619152,22.52608046,19.16486203,17.65771052,18.17059724,19.1510509,35.04185808,68.72600349,19.79269464,44.81109161,69.66276456,70.67964232,68.56180346,
Afghanistan,AFG,"International tourism, receipts (% of total exports)",ST.INT.RCPT.XP.ZS,,,,,,,,,,,,,,,,,,,,,,,,,,,,,,,,,,,,,,,,,,,,,,,,,2.520093382,4.077023372,6.815561286,4.749655029,8.968746478,12.35690928,4.9746376,6.989286513,
Angola,AGO,"International tourism, receipts (% of total exports)",ST.INT.RCPT.XP.ZS,,,,,,,,,,,,,,,,,,,,,,,,,,,,,,,,,,,,0.703902592,0.708603698,0.466445105,1.064207166,0.583858021,0.415242324,0.519532955,0.59756194,0.648865067,0.594298944,0.424108521,0.272892459,0.527882655,0.456078041,1.336513078,1.411031258,0.959693702,0.989241065,1.78401432,2.624433321,3.400383362,
Albania,ALB,"International tourism, receipts (% of total exports)",ST.INT.RCPT.XP.ZS,,,,,,,,,,,,,,,,,,,,,,,,,,,,,,,,,,,,23.04906157,25.20783052,34.21211511,43.75410195,55.96919127,71.77637511,68.52020662,73.74321772,63.41740743,60.48882102,60.24210796,56.53711425,60.01474923,56.36389658,65.83633628,53.52318169,48.53676727,45.62089149,45.42161359,49.52663067,51.97779582,
Andorra,AND,"International tourism, receipts (% of total exports)",ST.INT.RCPT.XP.ZS,,,,,,,,,,,,,,,,,,,,,,,,,,,,,,,,,,,,,,,,,,,,,,,,,,,,,,,,,
Arab World,ARB,"International tourism, receipts (% of total exports)",ST.INT.RCPT.XP.ZS,,,,,,,,,,,,,,,,,,,,,,,,,,,,,,,,,,,,,,,,,,,,11.12745784,10.94086542,6.989788246,6.41752702,6.864977681,5.807125679,8.651865735,8.11012464,5.310963796,5.462792574,5.35854467,6.210079472,9.678453832,
United Arab Emirates,ARE,"International tourism, receipts (% of total exports)",ST.INT.RCPT.XP.ZS,,,,,,,,,,,,,,,,,,,,,,,,,,,,,,,,,,,,,,,,,,,,,,,,,,,,,,,,,
Argentina,ARG,"International tourism, receipts (% of total exports)",ST.INT.RCPT.XP.ZS,,,,,,,,,,,,,,,,,,,,,,,,,,,,,,,,,,,,10.21780678,10.4662293,10.16973049,10.72755076,11.34037167,10.22828105,8.856965228,5.906141906,6.715981269,6.690603601,6.843354152,7.16316849,7.532193933,6.458218073,6.734047377,6.81512623,6.089668453,5.833313459,5.444232448,6.372821764,7.087207305,
Armenia,ARM,"International tourism, receipts (% of total exports)",ST.INT.RCPT.XP.ZS,,,,,,,,,,,,,,,,,,,,,,,,,,,,,,,,,,,,4.61103089,4.868162613,9.847431247,11.418069,12.1823925,11.44934892,14.41321254,10.83516994,9.167383824,16.82519769,16.65697813,24.65527039,26.51833129,29.01790024,36.55485162,31.39315511,27.78806714,29.23339959,28.67656709,29.94969341,30.47862913,
American Samoa,ASM,"International tourism, receipts (% of total exports)",ST.INT.RCPT.XP.ZS,,,,,,,,,,,,,,,,,,,,,,,,,,,,,,,,,,,,,,,,,,,,,,,,,,,,,,,,,
Antigua and Barbuda,ATG,"International tourism, receipts (% of total exports)",ST.INT.RCPT.XP.ZS,,,,,,,,,,,,,,,,,,,,,,,,,,,,,,,,,,,,61.50284966,64.09584012,62.71305394,60.5280103,61.33255225,62.33106492,61.07774272,64.03884554,64.84552426,63.11179215,56.66923697,59.65304633,58.14660377,53.40849519,54.30684414,56.88826317,58.01890662,58.905029,59.33670674,,,
Australia,AUS,"International tourism, receipts (% of total exports)",ST.INT.RCPT.XP.ZS,,,,,,,,,,,,,,,,,,,,,,,,,,,,,,,,,,,,16.97714623,17.25764553,16.23108962,15.94880826,17.19590051,15.49720313,15.6958521,16.1235195,17.69289796,17.80041327,14.34642355,12.93700885,13.67475749,11.68512543,13.79206738,11.93624038,10.58645936,11.07004858,10.92763037,11.57518629,13.17835136,
Austria,AUT,"International tourism, receipts (% of total exports)",ST.INT.RCPT.XP.ZS,,,,,,,,,,,,,,,,,,,,,,,,,,,,,,,,,,,,,,,,,,,,,,11.61267497,9.433918945,8.782699563,9.170060662,10.31795975,9.483229969,8.623199946,8.679869053,8.834185754,8.963252788,9.12439722,
Azerbaijan,AZE,"International tourism, receipts (% of total exports)",ST.INT.RCPT.XP.ZS,,,,,,,,,,,,,,,,,,,,,,,,,,,,,,,,,,,,11.08691247,7.188573951,15.30364253,14.16634058,7.254171344,3.21041989,2.406320263,2.372753558,2.303944221,1.915955055,1.228573071,1.465614924,1.418013586,1.197900463,2.394629176,2.805051572,4.049801653,7.179874697,7.290028319,8.3331237,12.65599197,
Burundi,BDI,"International tourism, receipts (% of total exports)",ST.INT.RCPT.XP.ZS,,,,,,,,,,,,,,,,,,,,,,,,,,,,,,,,,,,,1.874935576,4.204253955,1.553443494,1.898302842,2.019364278,2.640133,2.027653346,4.1529286,2.676456591,2.801189108,1.987564515,1.717334813,2.566059573,1.045940154,1.436465795,1.16196812,1.570029195,1.20451117,1.402323927,2.671137415,1.740330929,
Belgium,BEL,"International tourism, receipts (% of total exports)",ST.INT.RCPT.XP.ZS,,,,,,,,,,,,,,,,,,,,,,,,,,,,,,,,,,,,,,,,,,,3.884386003,4.052179975,3.861255201,3.813608525,3.781495499,3.419562337,2.913915194,3.42176631,3.079950319,2.970388022,3.365900401,3.411609444,3.463541928,3.557377495,
Benin,BEN,"International tourism, receipts (% of total exports)",ST.INT.RCPT.XP.ZS,,,,,,,,,,,,,,,,,,,,,,,,,,,,,,,,,,,,13.83765822,12.18763377,10.40711225,11.53421214,15.77787461,14.64844808,16.42293363,15.74959786,15.12983061,15.41720307,13.95297724,12.76604098,15.30080599,14.50113181,9.090270635,9.010892685,12.09413025,9.272286447,7.731560367,5.031508085,7.8673367,
Burkina Faso,BFA,"International tourism, receipts (% of total exports)",ST.INT.RCPT.XP.ZS,,,,,,,,,,,,,,,,,,,,,,,,,,,,,,,,,,,,,,,,,,,,,,8.437406613,8.237414581,8.23688935,8.334531979,9.401542329,5.55821908,4.121411734,3.891692621,6.331218488,5.704554124,,
Bangladesh,BGD,"International tourism, receipts (% of total exports)",ST.INT.RCPT.XP.ZS,,,,,,,,,,,,,,,,,,,,,,,,,,,,,,,,,,,,0.564145343,0.715195186,1.121723117,0.886558961,0.801803122,0.693072184,0.702069462,0.856932865,0.744172998,0.833568741,0.732990177,0.612995865,0.567764766,0.337237779,0.55726792,0.480270489,0.359391214,0.380558123,0.414095692,0.465858684,0.425796678,
Bulgaria,BGR,"International tourism, receipts (% of total exports)",ST.INT.RCPT.XP.ZS,,,,,,,,,,,,,,,,,,,,,,,,,,,,,,,,,,,,9.769198985,8.647421758,10.72769904,19.22656313,20.43220055,19.4862686,17.41229815,18.45575246,20.46012158,20.05546654,18.95627838,16.26719104,15.89852061,15.93630647,18.36670725,15.04511757,12.62668188,12.16930488,12.25675483,12.26035923,11.18273932,
Bahrain,BHR,"International tourism, receipts (% of total exports)",ST.INT.RCPT.XP.ZS,,,,,,,,,,,,,,,,,,,,,,,,,,,,,,,,,,,,12.36032944,10.97171072,11.51345517,15.64476244,15.03340351,11.90057716,13.41128142,14.16035296,15.11152812,14.55005814,11.96543166,11.40319984,10.7078738,9.076186897,11.92629975,12.09709951,7.696326947,7.622567731,7.697644295,7.949830523,,
"Bahamas, The",BHS,"International tourism, receipts (% of total exports)",ST.INT.RCPT.XP.ZS,,,,,,,,,,,,,,,,,,,,,,,,,,,,,,,,,,,,76.70984896,76.10045909,75.58663065,71.99746822,72.39286038,71.90260949,74.95610678,71.38086178,71.33673761,69.70318276,68.00572287,65.8041419,64.62398163,61.75233534,66.14324766,67.5530224,64.83031859,63.4761775,63.565971,65.41630145,70.13976909,
Bosnia and Herzegovina,BIH,"International tourism, receipts (% of total exports)",ST.INT.RCPT.XP.ZS,,,,,,,,,,,,,,,,,,,,,,,,,,,,,,,,,,,,,,,22.86453933,19.91561452,15.57168812,17.10633913,18.78971238,18.37624642,17.18517838,15.71550377,14.55372247,18.75179633,17.66545672,16.99543133,12.99455186,12.07228497,12.32455511,12.25910996,11.96726112,12.52721301,
Belarus,BLR,"International tourism, receipts (% of total exports)",ST.INT.RCPT.XP.ZS,,,,,,,,,,,,,,,,,,,,,,,,,,,,,,,,,,,,0.531400049,0.910706021,0.510366826,0.760841998,1.437567386,2.667499078,3.47239953,3.428558146,3.115379314,2.417055599,1.973050187,1.859123847,1.783892088,1.61525463,2.315890795,2.269492896,1.605170928,1.900319932,2.624522943,2.840456413,3.097768753,
Belize,BLZ,"International tourism, receipts (% of total exports)",ST.INT.RCPT.XP.ZS,,,,,,,,,,,,,,,,,,,,,,,,,,,,,,,,,,,,26.23100774,30.72991638,29.28390291,30.92373167,25.28385587,26.19761023,26.09593685,25.25300496,29.08403936,31.81474541,34.79671238,33.50670415,35.40143574,32.08065685,35.15035591,31.82348829,26.27767159,28.80856869,33.23463461,35.08767778,35.98917334,
Bermuda,BMU,"International tourism, receipts (% of total exports)",ST.INT.RCPT.XP.ZS,,,,,,,,,,,,,,,,,,,,,,,,,,,,,,,,,,,,,,,,,,,,,,,30.59786371,34.88789174,28.96104597,27.00297889,31.21326948,34.00333748,32.00282162,32.13419545,31.0010181,29.74691434,
Bolivia,BOL,"International tourism, receipts (% of total exports)",ST.INT.RCPT.XP.ZS,,,,,,,,,,,,,,,,,,,,,,,,,,,,,,,,,,,,7.456638029,7.616552291,9.124087591,10.10920897,9.461315428,6.870635677,7.825352494,9.194296003,12.39034143,11.04599229,10.52023955,7.587331764,6.579564181,4.300112055,5.635400629,4.958318732,5.469767816,5.147660788,5.010721141,5.257202586,8.108979373,
Brazil,BRA,"International tourism, receipts (% of total exports)",ST.INT.RCPT.XP.ZS,,,,,,,,,,,,,,,,,,,,,,,,,,,,,,,,,,,,2.061131058,1.416980916,1.732062591,2.37888611,3.14865385,3.09024053,2.772215189,3.106911903,3.237252326,3.13840592,3.133712082,2.92828283,2.862353669,2.674775854,3.118029908,2.379556031,2.177408223,2.354766841,2.425987135,2.804253999,2.793590668,
Barbados,BRB,"International tourism, receipts (% of total exports)",ST.INT.RCPT.XP.ZS,,,,,,,,,,,,,,,,,,,,,,,,,,,,,,,,,,,,59.12946758,57.1220009,56.30579955,58.62179594,56.44207124,56.62108407,55.96799825,54.76079045,57.24099864,55.37743527,59.55704223,58.43359628,54.98233712,53.80515661,59.55833102,51.91246474,45.62237809,45.02213403,42.75629235,,,
Brunei Darussalam,BRN,"International tourism, receipts (% of total exports)",ST.INT.RCPT.XP.ZS,,,,,,,,,,,,,,,,,,,,,,,,,,,,,,,,,,,,,,,,,,3.756909706,2.732386152,2.5512787,3.224615105,2.785445685,2.675753382,2.739584663,2.092529591,3.140923818,,,0.688381673,0.778711026,0.67705287,2.0693196,
Bhutan,BTN,"International tourism, receipts (% of total exports)",ST.INT.RCPT.XP.ZS,,,,,,,,,,,,,,,,,,,,,,,,,,,,,,,,,,,,,,,,,,,,,,,9.897231477,7.381331243,7.19052711,8.880857833,10.83854679,10.19350046,12.75659898,17.37061572,18.20539852,16.8347945,
Botswana,BWA,"International tourism, receipts (% of total exports)",ST.INT.RCPT.XP.ZS,,,,,,,,,,,,,,,,,,,,,,,,,,,,,,,,,,,,7.271036665,4.410816413,4.653433333,7.730452627,7.995001632,7.566965527,8.797895933,11.42135938,12.51571957,13.10825778,10.68330138,10.17545283,9.121246476,1.078482072,15.88318699,14.00099012,11.28413201,11.16222595,9.689929466,9.913635711,12.62480385,
Central African Republic,CAF,"International tourism, receipts (% of total exports)",ST.INT.RCPT.XP.ZS,,,,,,,,,,,,,,,,,,,,,,,,,,,,,,,,,,,,,,,,,,,,,,,,,,,,,,,,,
Canada,CAN,"International tourism, receipts (% of total exports)",ST.INT.RCPT.XP.ZS,,,,,,,,,,,,,,,,,,,,,,,,,,,,,,,,,,,,4.20595165,4.318095297,4.173473415,4.367292082,4.245097571,3.970557531,4.093394216,4.198465851,3.717624384,3.963850336,3.688333502,3.621799326,3.580664661,3.395422277,3.974414367,3.929136536,3.656806575,3.754855881,3.767880892,3.621016128,3.301562535,
Central Europe and the Baltics,CEB,"International tourism, receipts (% of total exports)",ST.INT.RCPT.XP.ZS,,,,,,,,,,,,,,,,,,,,,,,,,,,,,,,,,,,,13.85117756,16.81520777,16.42223407,14.96251103,13.67073041,12.02929523,11.01709593,10.35769974,9.950956942,8.567900362,8.478565497,7.862203308,7.652566734,7.567382405,7.973554446,6.708418148,6.359847284,6.165317025,6.162398134,6.073188715,6.085881166,
Switzerland,CHE,"International tourism, receipts (% of total exports)",ST.INT.RCPT.XP.ZS,,,,,,,,,,,,,,,,,,,,,,,,,,,,,,,,,,,,9.206972711,8.838863668,8.331186813,8.445567536,7.515140053,6.401514217,6.631036299,6.189792703,6.184748266,5.609351034,5.453337437,5.301970643,5.053527194,5.055536823,5.3969054,4.733661319,4.55177233,4.436275265,4.166093208,4.75602565,4.708001686,
Channel Islands,CHI,"International tourism, receipts (% of total exports)",ST.INT.RCPT.XP.ZS,,,,,,,,,,,,,,,,,,,,,,,,,,,,,,,,,,,,,,,,,,,,,,,,,,,,,,,,,
Chile,CHL,"International tourism, receipts (% of total exports)",ST.INT.RCPT.XP.ZS,,,,,,,,,,,,,,,,,,,,,,,,,,,,,,,,,,,,6.126697627,5.980789062,6.437822791,7.0580171,5.91024855,5.061573121,5.283315787,5.410951195,4.897461918,4.022778691,3.43505465,2.817466207,2.869161613,3.377081891,3.677374834,2.955262115,2.915749602,3.447269628,3.537087689,3.66405646,4.495988174,
China,CHN,"International tourism, receipts (% of total exports)",ST.INT.RCPT.XP.ZS,,,,,,,,,,,,,,,,,,,,,,,,,,,,,,,,,,,,5.929095757,5.941355328,8.984366661,9.358110976,10.01174241,9.112847893,9.112440788,8.780160369,4.194618398,4.589312251,3.788248077,3.423205156,2.961928502,2.731394077,3.174702164,2.856333831,2.412521638,2.300040629,2.193246536,4.278692319,4.834814797,
Cote d'Ivoire,CIV,"International tourism, receipts (% of total exports)",ST.INT.RCPT.XP.ZS,,,,,,,,,,,,,,,,,,,,,,,,,,,,,,,,,,,,,,,,,,,,,,1.091109013,1.116436249,1.198599783,1.13092084,1.329038183,1.691380682,1.362458918,1.315968333,1.471002363,,,
Cameroon,CMR,"International tourism, receipts (% of total exports)",ST.INT.RCPT.XP.ZS,,,,,,,,,,,,,,,,,,,,,,,,,,,,,,,,,,,,3.675939154,6.045663672,4.769620252,4.735612925,4.224494797,4.949883197,6.447680281,4.154816764,8.503730987,5.554101778,5.407122882,4.748030439,4.015167079,2.279779034,5.100547505,3.049342251,5.631740723,5.104727035,7.563266151,7.333530012,7.069709346,
"Congo, Dem. Rep.",COD,"International tourism, receipts (% of total exports)",ST.INT.RCPT.XP.ZS,,,,,,,,,,,,,,,,,,,,,,,,,,,,,,,,,,,,,,,,,,,,,,0.116533139,0.098801632,0.010702873,0.009093271,0.478001952,0.12067896,0.111641155,0.076402972,0.070534532,0.359290988,0.000956195,
"Congo, Rep.",COG,"International tourism, receipts (% of total exports)",ST.INT.RCPT.XP.ZS,,,,,,,,,,,,,,,,,,,,,,,,,,,,,,,,,,,,1.067607334,0.63075799,0.567801037,0.605888666,0.791270286,0.471788413,1.027682297,1.043363178,1.05981093,0.636388146,0.805510087,0.710706021,0.881275114,,,,,,,,,
Colombia,COL,"International tourism, receipts (% of total exports)",ST.INT.RCPT.XP.ZS,,,,,,,,,,,,,,,,,,,,,,,,,,,,,,,,,,,,7.229243146,10.3647754,9.253375319,9.074494167,8.830446897,8.307439818,9.845588812,8.682723831,7.569876048,6.967687552,7.65462732,8.19574079,7.488836342,6.81852307,7.907255987,7.500843339,5.948536801,6.412966965,7.071865213,7.632777948,11.54404376,
Comoros,COM,"International tourism, receipts (% of total exports)",ST.INT.RCPT.XP.ZS,,,,,,,,,,,,,,,,,,,,,,,,,,,,,,,,,,,,48.00848762,,,,,,,,25.99307033,37.57744858,42.72984471,45.57199202,42.52607731,50.45217401,41.56951196,40.25945546,42.35125984,43.88775712,,,,
Cabo Verde,CPV,"International tourism, receipts (% of total exports)",ST.INT.RCPT.XP.ZS,,,,,,,,,,,,,,,,,,,,,,,,,,,,,,,,,,,,34.73797307,36.49069747,37.16221247,39.80433362,45.47809229,46.9598239,48.08080711,53.56101433,54.87601021,53.60534877,50.0306177,59.28495207,66.25136102,60.80318702,61.51246345,61.4511674,56.01979532,58.52771556,57.39802337,50.72069226,59.1833438,
Costa Rica,CRI,"International tourism, receipts (% of total exports)",ST.INT.RCPT.XP.ZS,,,,,,,,,,,,,,,,,,,,,,,,,,,,,,,,,,,,20.6551164,19.60465986,19.93738733,19.7613785,20.19548936,22.78200277,20.57706377,19.76889102,20.16094261,20.07283974,20.64786138,18.84008083,20.20207304,20.90272775,18.56838157,17.41248707,18.78779428,18.32638816,20.04995371,18.62734543,20.09686174,
Caribbean small states,CSS,"International tourism, receipts (% of total exports)",ST.INT.RCPT.XP.ZS,,,,,,,,,,,,,,,,,,,,,,,,,,,,,,,,,,,,37.78196534,39.36362376,39.83520103,40.85216666,40.23896246,37.01533426,36.51384282,37.65561652,35.71642305,33.62334657,28.5679438,24.85461618,25.63840919,20.80669719,29.38761913,26.73182356,20.84127452,,,,,
Cuba,CUB,"International tourism, receipts (% of total exports)",ST.INT.RCPT.XP.ZS,,,,,,,,,,,,,,,,,,,,,,,,,,,,,,,,,,,,,,,,,,,,,,,,,,,,,,,,,
Curacao,CUW,"International tourism, receipts (% of total exports)",ST.INT.RCPT.XP.ZS,,,,,,,,,,,,,,,,,,,,,,,,,,,,,,,,,,,,,,,,,,,,,,,,,,,,25.09007091,28.60039945,34.34785397,34.0951589,36.36813754,
Cayman Islands,CYM,"International tourism, receipts (% of total exports)",ST.INT.RCPT.XP.ZS,,,,,,,,,,,,,,,,,,,,,,,,,,,,,,,,,,,,,,,,,,,,,,,,,,,,,,,,,
Cyprus,CYP,"International tourism, receipts (% of total exports)",ST.INT.RCPT.XP.ZS,,,,,,,,,,,,,,,,,,,,,,,,,,,,,,,,,,,,43.8309173,40.53401024,40.67319297,41.25005787,42.26587786,41.80125405,41.01398073,39.33276631,36.81223206,34.44694557,32.53514333,31.25340888,30.10908363,22.86271061,19.33510292,18.90104485,18.61305479,20.45553545,21.36603502,20.12528508,20.79547554,
Czech Republic,CZE,"International tourism, receipts (% of total exports)",ST.INT.RCPT.XP.ZS,,,,,,,,,,,,,,,,,,,,,,,,,,,,,,,,,,,,11.98037647,16.05567969,14.70854566,13.94544513,11.36698898,10.10815922,9.437305834,9.079314477,8.704104049,7.171617661,6.838692514,6.616028409,6.172071993,6.148253077,6.711997175,5.887772879,5.484537238,5.16162954,4.840401657,4.434457479,4.475213826,
Germany,DEU,"International tourism, receipts (% of total exports)",ST.INT.RCPT.XP.ZS,,,,,,,,,,,,,,,,,,,,,,,,,,,,,,,,,,,,4.214881463,4.182109989,4.351219862,4.342074062,4.260637112,4.150400428,3.887393072,3.923409449,3.677911577,3.637205513,3.754550475,3.675712055,3.327164095,3.256420274,3.658647902,3.4006308,3.170978123,3.169262708,3.238728134,3.144400664,2.998243842,
Djibouti,DJI,"International tourism, receipts (% of total exports)",ST.INT.RCPT.XP.ZS,,,,,,,,,,,,,,,,,,,,,,,,,,,,,,,,,,,,2.771597643,2.417472277,2.152020182,4.471149976,3.799166292,4.191655068,4.028361403,3.903449816,2.727297778,2.712079892,2.466417318,3.196068925,2.218291085,2.132881695,4.00593945,4.27682291,4.575033787,4.481445195,4.449256018,4.835967681,5.250798872,
Dominica,DMA,"International tourism, receipts (% of total exports)",ST.INT.RCPT.XP.ZS,,,,,,,,,,,,,,,,,,,,,,,,,,,,,,,,,,,,39.08457986,36.11161773,34.99675956,31.00188112,32.52397374,33.21543903,37.93860788,37.34747975,43.91493514,46.75109748,44.06391684,49.8508962,50.05267192,48.48988554,52.04490033,54.00293569,55.51028153,47.42115158,60.71385636,,,
Denmark,DNK,"International tourism, receipts (% of total exports)",ST.INT.RCPT.XP.ZS,,,,,,,,,,,,,,,,,,,,,,,,,,,,,,,,,,,,5.621811946,5.086513602,5.078327343,5.126790795,5.300414817,4.973903505,5.294922216,5.832784024,5.478666607,5.075679684,4.205566168,3.888423269,3.679300247,3.342471374,3.811975607,3.65076727,3.581642983,3.578327666,3.558944756,3.963977209,4.016819291,
Dominican Republic,DOM,"International tourism, receipts (% of total exports)",ST.INT.RCPT.XP.ZS,,,,,,,,,,,,,,,,,,,,,,,,,,,,,,,,,,,,42.17902594,44.01334487,45.20199845,45.02959446,48.18832845,48.45979193,50.32193087,48.44376619,48.80865074,45.54998866,46.43243671,45.74705395,42.84479305,44.94163844,50.72599942,33.92689784,30.95676205,31.09017943,31.90202601,33.21024504,36.02298688,
Algeria,DZA,"International tourism, receipts (% of total exports)",ST.INT.RCPT.XP.ZS,,,,,,,,,,,,,,,,,,,,,,,,,,,,,,,,,,,,,,,,,,,,,,0.97663848,0.685815999,0.527401574,0.580051994,0.750374409,0.534761702,0.392735346,0.392350205,0.475289539,0.54942038,0.945250315,
East Asia & Pacific (excluding high income),EAP,"International tourism, receipts (% of total exports)",ST.INT.RCPT.XP.ZS,,,,,,,,,,,,,,,,,,,,,,,,,,,,,,,,,,,,7.7845145,8.068711112,8.734336902,7.960641511,9.12331815,8.456049767,9.189499983,9.161289272,5.686686252,6.014842617,5.168222273,5.011415974,4.964285624,4.523865656,4.912009573,4.49279927,4.173500823,4.29163461,4.439425887,5.823351026,6.392068486,
Early-demographic dividend,EAR,"International tourism, receipts (% of total exports)",ST.INT.RCPT.XP.ZS,,,,,,,,,,,,,,,,,,,,,,,,,,,,,,,,,,,,9.524188209,9.517524092,9.676776174,8.957838437,9.037494355,8.246217845,8.891850254,8.937982042,8.325207459,8.345294266,7.421431624,6.810686591,6.975773906,6.366913714,7.754125049,7.011137329,6.014322886,6.171827758,6.349314656,6.891159818,7.969015651,
East Asia & Pacific,EAS,"International tourism, receipts (% of total exports)",ST.INT.RCPT.XP.ZS,,,,,,,,,,,,,,,,,,,,,,,,,,,,,,,,,,,,6.785696882,5.069696012,5.037258962,4.790739596,5.070074617,4.632402677,5.176558481,5.524436294,4.528054968,4.770573799,4.367571397,4.116038048,4.216208773,4.102880109,4.734279653,4.544117393,4.452556525,4.659920625,4.932248205,5.763837823,6.095719711,
Europe & Central Asia (excluding high income),ECA,"International tourism, receipts (% of total exports)",ST.INT.RCPT.XP.ZS,,,,,,,,,,,,,,,,,,,,,,,,,,,,,,,,,,,,6.888266933,8.156457415,8.882709231,9.875788463,8.038289622,7.74246789,9.648216055,10.18411727,9.741384468,8.964959655,8.731448913,7.613281303,7.64607509,7.131159766,8.828739894,7.223133999,6.712440747,6.767731171,7.445461267,7.607897415,8.57734812,
Europe & Central Asia,ECS,"International tourism, receipts (% of total exports)",ST.INT.RCPT.XP.ZS,,,,,,,,,,,,,,,,,,,,,,,,,,,,,,,,,,,,8.157641014,8.338648822,8.147454241,8.197044206,8.37056959,7.934274718,7.8425505,7.642854099,7.427250887,7.117379253,6.746341708,6.39295047,6.235533259,5.977682311,6.614934642,5.908727816,5.707440891,5.715584567,5.973158179,6.046265638,6.123796522,
Ecuador,ECU,"International tourism, receipts (% of total exports)",ST.INT.RCPT.XP.ZS,,,,,,,,,,,,,,,,,,,,,,,,,,,,,,,,,,,,6.062203986,5.879785121,5.540367781,6.594118047,7.053320861,7.636305208,7.706569311,7.310792666,5.5684615,5.16605785,4.250940606,3.46171159,3.895397887,3.564186802,4.279759093,4.008299387,3.441455694,3.939170569,4.528517717,5.13772538,7.26210636,
"Egypt, Arab Rep.",EGY,"International tourism, receipts (% of total exports)",ST.INT.RCPT.XP.ZS,,,,,,,,,,,,,,,,,,,,,,,,,,,,,,,,,,,,22.2775264,25.50177936,27.14488903,23.45344388,29.60584378,27.61503795,25.63607847,25.14311439,23.44930036,23.86465632,23.4602387,22.17278579,23.26005676,22.10336207,26.35560906,27.9186258,19.83507959,22.26895165,15.06188163,16.94008446,18.35802541,
Euro area,EMU,"International tourism, receipts (% of total exports)",ST.INT.RCPT.XP.ZS,,,,,,,,,,,,,,,,,,,,,,,,,,,,,,,,,,,,8.19092159,8.306502537,8.071911015,7.984765774,8.752860451,8.501481819,8.286486833,7.893010469,7.722752648,7.369915148,6.908146636,6.59103301,6.292477753,6.075970747,6.681619165,5.997225193,5.864926796,5.809965793,6.03269133,5.978726244,5.828155112,
Eritrea,ERI,"International tourism, receipts (% of total exports)",ST.INT.RCPT.XP.ZS,,,,,,,,,,,,,,,,,,,,,,,,,,,,,,,,,,,,43.13388805,34.03744776,42.46332663,30.9524273,41.03441628,36.84044642,,,,,,,,,,,,,,,,
Spain,ESP,"International tourism, receipts (% of total exports)",ST.INT.RCPT.XP.ZS,,,,,,,,,,,,,,,,,,,,,,,,,,,,,,,,,,,,20.43830307,20.19488035,18.98987843,19.77194487,20.21862651,19.17682999,19.38227871,18.9169737,18.96023521,18.53982001,17.34704936,16.87517764,15.72431074,15.4640814,16.33342069,14.83908051,14.47862663,14.1014248,14.24817949,14.46478015,14.25950074,
Estonia,EST,"International tourism, receipts (% of total exports)",ST.INT.RCPT.XP.ZS,,,,,,,,,,,,,,,,,,,,,,,,,,,,,,,,,,,,20.42147936,22.1841907,19.27403739,19.27936801,21.78004038,18.75275069,16.80844711,17.15708275,15.42615326,14.01935732,11.85153964,11.50160185,9.845137974,9.988265061,9.081083397,7.279305842,6.256878578,6.492006197,9.542892082,10.24288031,10.21113461,
Ethiopia,ETH,"International tourism, receipts (% of total exports)",ST.INT.RCPT.XP.ZS,,,,,,,,,,,,,,,,,,,,,,,,,,,,,,,,,,,,23.06013791,21.39296408,16.03676953,15.96822696,18.70398996,20.65975423,22.34318309,24.53076811,26.70638265,27.20098326,27.62397008,29.06539322,29.81533136,33.87419444,32.62462289,30.87710126,34.36031563,33.03354757,,,,
European Union,EUU,"International tourism, receipts (% of total exports)",ST.INT.RCPT.XP.ZS,,,,,,,,,,,,,,,,,,,,,,,,,,,,,,,,,,,,8.334845457,8.507297767,8.277257124,8.238695642,8.629074835,8.278371316,8.00411999,7.726116069,7.548094798,7.244657813,6.84262101,6.545642623,6.345003275,6.108629468,6.633841012,5.980965499,5.800913604,5.790290155,6.016769129,6.031067961,6.010307736,
Fragile and conflict affected situations,FCS,"International tourism, receipts (% of total exports)",ST.INT.RCPT.XP.ZS,,,,,,,,,,,,,,,,,,,,,,,,,,,,,,,,,,,,9.090403846,8.33491438,7.568172443,9.536173236,8.509007296,6.18586968,5.681681337,16.84341424,18.75499011,15.4196259,8.034998269,6.380196577,6.467226297,5.629933061,8.941166582,9.075207707,6.536408998,7.104562998,7.462067126,8.364875132,12.93838203,
Finland,FIN,"International tourism, receipts (% of total exports)",ST.INT.RCPT.XP.ZS,,,,,,,,,,,,,,,,,,,,,,,,,,,,,,,,,,,,5.05178821,5.115773208,5.009933433,4.926811938,4.682345189,3.855543503,4.00545385,4.102727665,4.233208524,3.953926852,3.727228593,3.75590073,3.807603212,3.787066171,4.461351378,4.697701024,5.232674146,5.316807319,3.84966517,3.609525148,2.992346084,
Fiji,FJI,"International tourism, receipts (% of total exports)",ST.INT.RCPT.XP.ZS,,,,,,,,,,,,,,,,,,,,,,,,,,,,,,,,,,,,34.04875008,29.11055522,32.07058874,33.14937095,34.34188999,30.05278205,34.53798568,39.12534664,38.43106804,41.93030569,44.82389481,44.35218952,43.81017982,47.20022048,48.4137546,45.64775398,42.60336461,40.73813511,40.62706784,41.60278902,48.43318264,
France,FRA,"International tourism, receipts (% of total exports)",ST.INT.RCPT.XP.ZS,,,,,,,,,,,,,,,,,,,,,,,,,,,,,,,,,,,,8.627937605,8.782198567,7.469309165,7.600849046,9.367258752,9.87427691,9.800008732,9.691135865,9.47823584,9.318622552,8.790042783,8.3944997,8.621056652,8.219431383,8.8556201,7.919073883,8.028270499,8.044907047,7.894854629,7.800585427,7.178598534,
Faroe Islands,FRO,"International tourism, receipts (% of total exports)",ST.INT.RCPT.XP.ZS,,,,,,,,,,,,,,,,,,,,,,,,,,,,,,,,,,,,,,,,,,,,,,,,,,,,,,,,,
"Micronesia, Fed. Sts.",FSM,"International tourism, receipts (% of total exports)",ST.INT.RCPT.XP.ZS,,,,,,,,,,,,,,,,,,,,,,,,,,,,,,,,,,,,,,,,,,,,,,,,,,28.56419478,25.99788551,24.16849395,18.65059551,18.95863384,19.81188222,,
Gabon,GAB,"International tourism, receipts (% of total exports)",ST.INT.RCPT.XP.ZS,,,,,,,,,,,,,,,,,,,,,,,,,,,,,,,,,,,,3.19354756,2.551800472,3.155201398,5.173229276,5.152631701,2.834287919,1.655518744,2.924294833,2.511705645,1.75210832,0.23204353,,,,,,,,,,,
United Kingdom,GBR,"International tourism, receipts (% of total exports)",ST.INT.RCPT.XP.ZS,,,,,,,,,,,,,,,,,,,,,,,,,,,,,,,,,,,,8.561256823,8.294046435,7.955289653,8.237432638,7.851948552,7.343649387,6.528626643,6.615337528,6.415226174,6.624184785,6.400078173,6.175542298,6.37721705,5.933866632,5.976216697,5.842202879,5.617216062,5.969792977,6.554372638,6.998194171,7.684277153,
Georgia,GEO,"International tourism, receipts (% of total exports)",ST.INT.RCPT.XP.ZS,,,,,,,,,,,,,,,,,,,,,,,,,,,,,,,,,,,,,,13.05483029,34.42573662,23.97510981,12.64364959,15.70456953,14.51309412,13.73801038,12.85599939,13.33765855,14.4405983,13.91237264,13.8036911,16.87079443,18.26927028,20.39348205,25.99202909,26.70531819,28.01783775,34.28008829,
Ghana,GHA,"International tourism, receipts (% of total exports)",ST.INT.RCPT.XP.ZS,,,,,,,,,,,,,,,,,,,,,,,,,,,,,,,,,,,,1.896573524,1.853138754,2.115110348,12.00774183,13.14033882,14.62758621,15.59130674,14.9022012,13.81334056,14.52985977,22.18137232,17.80988823,16.48899681,13.71872241,11.15723821,7.480889823,5.460580042,6.864135237,6.232274109,6.72936919,5.521637751,
Gibraltar,GIB,"International tourism, receipts (% of total exports)",ST.INT.RCPT.XP.ZS,,,,,,,,,,,,,,,,,,,,,,,,,,,,,,,,,,,,,,,,,,,,,,,,,,,,,,,,,
Guinea,GIN,"International tourism, receipts (% of total exports)",ST.INT.RCPT.XP.ZS,,,,,,,,,,,,,,,,,,,,,,,,,,,,,,,,,,,,0.130101782,1.222609601,0.647989276,0.5349656,0.774521304,1.062540546,1.013399852,,,,,,0.087866443,0.166100311,0.436735713,0.133022079,0.140795495,0.080511825,,,,
"Gambia, The",GMB,"International tourism, receipts (% of total exports)",ST.INT.RCPT.XP.ZS,,,,,,,,,,,,,,,,,,,,,,,,,,,,,,,,,,,,15.95811701,30.8613014,34.07498249,,,,,,43.05691755,28.59349031,31.62939036,34.33793135,33.1715938,24.82360367,22.98838157,29.56733287,35.63623569,38.032463,,,,
Guinea-Bissau,GNB,"International tourism, receipts (% of total exports)",ST.INT.RCPT.XP.ZS,,,,,,,,,,,,,,,,,,,,,,,,,,,,,,,,,,,,,,5.451987337,,,,4.008839134,3.77798093,3.379972263,2.636390937,1.687999337,3.609873038,20.22347236,22.2219741,7.753875902,7.972283031,5.130163977,4.443166386,9.113197197,,,
Equatorial Guinea,GNQ,"International tourism, receipts (% of total exports)",ST.INT.RCPT.XP.ZS,,,,,,,,,,,,,,,,,,,,,,,,,,,,,,,,,,,,1.062605752,2.219846082,,,,,,,,,,,,,,,,,,,,
Greece,GRC,"International tourism, receipts (% of total exports)",ST.INT.RCPT.XP.ZS,,,,,,,,,,,,,,,,,,,,,,,,,,,,,,,,,,,,26.94066869,24.66859168,25.52647514,,35.36293113,31.49783032,30.67940093,33.37212599,29.4292306,26.24371644,26.11131138,25.86962681,23.39926589,22.09488621,27.15368919,23.12899203,24.03939653,23.19946684,23.91595519,25.35719873,29.52228737,
Grenada,GRD,"International tourism, receipts (% of total exports)",ST.INT.RCPT.XP.ZS,,,,,,,,,,,,,,,,,,,,,,,,,,,,,,,,,,,,61.40770888,60.023638,56.13904142,50.08492759,40.3635437,39.45234731,42.103527,52.71627188,57.92724437,43.49213118,47.69221181,57.91512875,61.56169604,61.11622012,59.81713794,60.94832117,59.63851628,59.0824858,57.69141239,,,
Greenland,GRL,"International tourism, receipts (% of total exports)",ST.INT.RCPT.XP.ZS,,,,,,,,,,,,,,,,,,,,,,,,,,,,,,,,,,,,,,,,,,,,,,,,,,,,,,,,,
Guatemala,GTM,"International tourism, receipts (% of total exports)",ST.INT.RCPT.XP.ZS,,,,,,,,,,,,,,,,,,,,,,,,,,,,,,,,,,,,7.650350641,7.902735562,8.459441677,9.435585637,10.74681762,12.89721078,15.0654978,16.32065293,15.68469024,10.15228426,11.68856117,12.09051441,12.1063986,13.39673382,14.4827586,12.75534006,10.58201674,11.31789159,11.63087187,11.31537898,11.57771372,
Guam,GUM,"International tourism, receipts (% of total exports)",ST.INT.RCPT.XP.ZS,,,,,,,,,,,,,,,,,,,,,,,,,,,,,,,,,,,,,,,,,,,,,,,,,,,,,,,,,
Guyana,GUY,"International tourism, receipts (% of total exports)",ST.INT.RCPT.XP.ZS,,,,,,,,,,,,,,,,,,,,,,,,,,,,,,,,,,,,5.244963643,15.72150477,15.56788954,16.15955743,16.2856716,11.90121988,9.887435351,8.001207729,4.21179302,3.624710862,5.046885567,5.087686972,5.897770407,5.821981227,3.72939184,7.06071201,6.658840016,3.735647485,5.000633789,5.860406867,4.951073756,
High income,HIC,"International tourism, receipts (% of total exports)",ST.INT.RCPT.XP.ZS,,,,,,,,,,,,,,,,,,,,,,,,,,,,,,,,,,,,8.544687072,7.910670321,7.646255095,7.587694149,7.768886382,7.26565809,7.195582816,7.097555742,6.723846965,6.579258536,6.168819964,5.804220579,5.762299,5.625256601,6.264161103,5.836421498,5.659947928,5.774247278,6.068808003,6.267794841,6.608094506,
"Hong Kong SAR, China",HKG,"International tourism, receipts (% of total exports)",ST.INT.RCPT.XP.ZS,,,,,,,,,,,,,,,,,,,,,,,,,,,,,,,,,,,,,,,3.919679312,3.930274265,3.789383006,3.809551757,4.482758762,3.699667059,4.185416705,4.21647654,4.336758546,4.622940338,4.771096324,5.321521778,5.795818003,6.270548007,6.543989334,6.943915389,7.419155277,7.028894471,
Honduras,HND,"International tourism, receipts (% of total exports)",ST.INT.RCPT.XP.ZS,,,,,,,,,,,,,,,,,,,,,,,,,,,,,,,,,,,,5.199412772,6.192433783,6.936205166,7.216494845,9.594691535,10.34278234,10.24506229,11.38734044,13.51362594,12.97303139,12.66463182,13.09773119,12.46743022,12.73940999,14.50864646,12.68800922,10.29449506,10.25512584,9.873992903,9.730506688,9.848230416,
Heavily indebted poor countries (HIPC),HPC,"International tourism, receipts (% of total exports)",ST.INT.RCPT.XP.ZS,,,,,,,,,,,,,,,,,,,,,,,,,,,,,,,,,,,,9.603325895,9.876637089,9.13642772,10.49001945,11.62407246,10.36683607,11.6596701,11.94082002,12.4053386,11.70603878,10.07789486,9.355410997,9.357768317,9.0089005,9.675909234,8.156599041,8.427213986,9.041168649,8.208704004,8.566669295,10.31075931,
Croatia,HRV,"International tourism, receipts (% of total exports)",ST.INT.RCPT.XP.ZS,,,,,,,,,,,,,,,,,,,,,,,,,,,,,,,,,,,,19.34944727,25.25681757,31.43968039,31.98947065,31.96266157,37.70319942,40.06967922,40.09986736,47.24509599,42.38397181,42.88844562,41.17910891,40.8780232,42.26093119,42.66522257,37.13920961,37.84237456,38.09503259,39.06572406,37.96929746,36.97676529,
Haiti,HTI,"International tourism, receipts (% of total exports)",ST.INT.RCPT.XP.ZS,,,,,,,,,,,,,,,,,,,,,,,,,,,,,,,,,,,,46.78727386,50.10438413,28.22474281,27.65054773,25.41128638,25.41195156,23.63693665,25.6471147,20.43248766,18.1428014,13.22139221,18.28445386,24.38429651,39.25007698,40.23185367,37.68259371,34.76430451,33.66370139,34.84573832,34.77493518,34.75094598,
Hungary,HUN,"International tourism, receipts (% of total exports)",ST.INT.RCPT.XP.ZS,,,,,,,,,,,,,,,,,,,,,,,,,,,,,,,,,,,,16.84734385,19.00557888,17.40162784,14.60419519,13.42152404,12.25771688,12.17319276,9.721458352,8.559683544,6.422561458,6.67851802,5.96667007,5.276167597,5.961892742,7.160380194,6.159936071,5.921406059,5.564664112,5.757449826,6.058003618,6.26594948,
IBRD only,IBD,"International tourism, receipts (% of total exports)",ST.INT.RCPT.XP.ZS,,,,,,,,,,,,,,,,,,,,,,,,,,,,,,,,,,,,8.476609026,8.976045239,9.37455477,9.092984697,8.98140055,8.173253255,8.862496757,9.121489116,7.749379626,7.528028857,6.705955798,6.199292269,6.171005785,5.646390735,6.484032191,5.683384173,5.116232788,5.258838702,5.414081314,6.23392359,6.994777832,
IDA & IBRD total,IBT,"International tourism, receipts (% of total exports)",ST.INT.RCPT.XP.ZS,,,,,,,,,,,,,,,,,,,,,,,,,,,,,,,,,,,,8.514808069,8.957480042,9.329888511,9.175947164,9.05506281,8.175635679,8.850253168,9.09602239,7.74848093,7.561529091,6.732917008,6.260691804,6.266295188,5.746024443,6.623042674,5.835170438,5.194499912,5.358160184,5.499378509,6.295998091,7.022433629,
IDA total,IDA,"International tourism, receipts (% of total exports)",ST.INT.RCPT.XP.ZS,,,,,,,,,,,,,,,,,,,,,,,,,,,,,,,,,,,,9.100319339,8.674132553,8.651599822,10.56574119,10.23687806,8.214708674,8.6578487,8.679559234,7.732754324,8.161067691,7.156567437,7.297588669,7.933624929,7.502509761,8.984377256,8.363100286,6.604499221,7.205531573,7.11419535,7.559894349,7.696491161,
IDA blend,IDB,"International tourism, receipts (% of total exports)",ST.INT.RCPT.XP.ZS,,,,,,,,,,,,,,,,,,,,,,,,,,,,,,,,,,,,5.942591187,5.376914119,6.367214126,8.317249471,7.226047804,4.714747546,4.897688227,5.177812242,4.36877765,4.00109312,3.399603721,3.644753898,3.891614707,3.607243985,4.450790601,3.646168417,3.350942185,3.443921023,3.508642592,3.364204588,2.844573542,
Indonesia,IDN,"International tourism, receipts (% of total exports)",ST.INT.RCPT.XP.ZS,,,,,,,,,,,,,,,,,,,,,,,,,,,,,,,,,,,,9.880392268,10.88981633,10.5125002,7.757524499,7.793630532,7.044594794,8.394174836,8.806279835,6.427756948,6.630838756,5.3802544,4.553070212,4.769127756,5.580083929,4.829955898,4.571632308,4.243255124,4.484693572,5.024553806,5.81771625,7.034914615,
IDA only,IDX,"International tourism, receipts (% of total exports)",ST.INT.RCPT.XP.ZS,,,,,,,,,,,,,,,,,,,,,,,,,,,,,,,,,,,,12.76242197,12.90655564,11.28048442,12.6365852,13.23246949,12.03544209,12.48463239,12.11058362,11.71442032,13.19318274,11.2169672,10.8741357,11.64474049,10.96047448,12.33483086,12.17995725,9.590754591,10.46598239,10.1371186,11.02347142,11.17970701,
Isle of Man,IMN,"International tourism, receipts (% of total exports)",ST.INT.RCPT.XP.ZS,,,,,,,,,,,,,,,,,,,,,,,,,,,,,,,,,,,,,,,,,,,,,,,,,,,,,,,,,
India,IND,"International tourism, receipts (% of total exports)",ST.INT.RCPT.XP.ZS,,,,,,,,,,,,,,,,,,,,,,,,,,,,,,,,,,,,6.792369659,6.908977451,6.449070515,6.443529373,5.857596226,6.003500853,5.379024674,4.672944645,5.377673633,5.436142963,4.954650885,4.611618852,4.679233818,4.084303583,4.269166707,4.163369926,3.967064457,4.132071451,4.066427631,4.274449067,5.009438153,
Not classified,INX,"International tourism, receipts (% of total exports)",ST.INT.RCPT.XP.ZS,,,,,,,,,,,,,,,,,,,,,,,,,,,,,,,,,,,,,,,,,,,,,,,,,,,,,,,,,
Ireland,IRL,"International tourism, receipts (% of total exports)",ST.INT.RCPT.XP.ZS,,,,,,,,,,,,,,,,,,,,,,,,,,,,,,,,,,,,,,,,,,,,,,4.166016559,4.348589151,4.44190631,4.55300652,4.18351842,3.938183983,4.112812368,4.004204428,4.06744573,3.890140272,3.071671369,
"Iran, Islamic Rep.",IRN,"International tourism, receipts (% of total exports)",ST.INT.RCPT.XP.ZS,,,,,,,,,,,,,,,,,,,,,,,,,,,,,,,,,,,,1.081622962,0.61072642,0.970724978,4.399436658,2.512811292,2.277390924,,,,,,,,,,,,,,,,
Iraq,IRQ,"International tourism, receipts (% of total exports)",ST.INT.RCPT.XP.ZS,,,,,,,,,,,,,,,,,,,,,,,,,,,,,,,,,,,,,,,,,,,,,,0.773305173,0.550402279,1.371898089,1.329253073,3.440430342,3.179842437,1.887135481,1.690024732,2.351022233,2.841840886,8.200992731,
Iceland,ISL,"International tourism, receipts (% of total exports)",ST.INT.RCPT.XP.ZS,,,,,,,,,,,,,,,,,,,,,,,,,,,,,,,,,,,,17.13224144,16.51239006,16.95661001,19.36887423,19.13083207,20.51019097,19.28935894,18.8386665,20.67321539,19.4837467,20.63638313,20.47048362,17.47395684,16.82727058,13.24266007,11.87428503,13.64592178,16.69663796,12.54901354,15.03139291,17.95668164,
Israel,ISR,"International tourism, receipts (% of total exports)",ST.INT.RCPT.XP.ZS,,,,,,,,,,,,,,,,,,,,,,,,,,,,,,,,,,,,12.70457052,11.83008675,11.77218616,10.94508597,12.70883529,9.896548764,7.05027334,6.170719858,5.68619471,5.051680709,5.986183044,6.078269308,6.104396967,6.633944506,7.307586362,7.12123213,6.397297483,6.636027279,6.548719573,6.38694118,6.59531266,
Italy,ITA,"International tourism, receipts (% of total exports)",ST.INT.RCPT.XP.ZS,,,,,,,,,,,,,,,,,,,,,,,,,,,,,,,,,,,,10.48619076,10.21690343,10.42069338,10.25293329,10.19474779,9.796778745,9.000712685,9.060076721,8.869797047,8.747480049,8.403704184,8.159001543,7.619026046,7.115617526,8.16715791,7.169337955,7.009636214,6.901501798,7.1211813,7.216909871,7.196656398,
Jamaica,JAM,"International tourism, receipts (% of total exports)",ST.INT.RCPT.XP.ZS,,,,,,,,,,,,,,,,,,,,,,,,,,,,,,,,,,,,35.32808863,36.6547293,37.95010591,40.78255216,42.73184759,43.94593841,44.57838515,46.00541386,46.00761212,44.45005172,44.64204103,43.78654652,42.25573337,40.11471444,51.25943335,52.31779271,48.06005232,46.13954975,47.83656622,51.24040254,55.66080104,
Jordan,JOR,"International tourism, receipts (% of total exports)",ST.INT.RCPT.XP.ZS,,,,,,,,,,,,,,,,,,,,,,,,,,,,,,,,,,,,27.9697291,28.00839365,29.75627764,29.85524321,28.75280406,26.42042964,23.37449975,27.54719832,26.21171592,27.02301905,26.19968068,29.58078663,29.33659892,27.86833513,31.38920722,34.42642868,31.65790472,35.80648337,36.16209313,35.54283433,35.3482649,
Japan,JPN,"International tourism, receipts (% of total exports)",ST.INT.RCPT.XP.ZS,,,,,,,,,,,,,,,,,,,,,,,,,,,,,,,,,,,,,1.246093722,1.303695895,1.310215784,1.242171186,1.139915259,1.295601592,1.328310232,2.199493164,2.271831219,2.311341632,1.577072828,1.54848703,1.548152033,1.873824703,1.765078466,1.346678067,1.772849108,2.031099713,2.409112032,3.477077174,
Kazakhstan,KAZ,"International tourism, receipts (% of total exports)",ST.INT.RCPT.XP.ZS,,,,,,,,,,,,,,,,,,,,,,,,,,,,,,,,,,,,2.594098844,3.703703704,4.521262853,6.701304836,5.692654453,3.940889883,4.997251338,5.951949901,4.310105521,3.573680471,2.636036728,2.348069352,2.344854403,1.645759023,2.467358492,1.886716501,1.702191851,1.713177938,1.957229669,1.956800377,3.276305427,
Kenya,KEN,"International tourism, receipts (% of total exports)",ST.INT.RCPT.XP.ZS,,,,,,,,,,,,,,,,,,,,,,,,,,,,,,,,,,,,22.26476843,22.47307386,25.89214994,27.75752697,28.24602152,18.01413477,17.79846083,15.95314365,17.14744342,18.65737554,18.13845523,19.86283833,21.43625237,16.86257003,15.21980245,18.0339313,18.61441163,18.17580842,16.97204398,16.5001784,,
Kyrgyz Republic,KGZ,"International tourism, receipts (% of total exports)",ST.INT.RCPT.XP.ZS,,,,,,,,,,,,,,,,,,,,,,,,,,,,,,,,,,,,1.115867185,0.710896262,1.035794084,2.007113041,3.412306946,3.490644354,5.683469532,7.49886527,8.282987036,9.756259833,9.933913677,14.71137548,19.38093745,21.22464794,12.86441478,9.627830998,12.64084063,13.87735922,15.33149528,14.26464314,20.04217126,
Cambodia,KHM,"International tourism, receipts (% of total exports)",ST.INT.RCPT.XP.ZS,,,,,,,,,,,,,,,,,,,,,,,,,,,,,,,,,,,,7.325629385,14.50892857,11.04417671,13.17221945,16.85078691,18.89830809,20.46964045,21.44069663,16.73765146,19.83016859,23.07450853,22.10471677,24.975179,25.4955032,29.46323499,28.07217151,28.97815836,30.06840825,28.77993258,28.60666745,,
Kiribati,KIR,"International tourism, receipts (% of total exports)",ST.INT.RCPT.XP.ZS,,,,,,,,,,,,,,,,,,,,,,,,,,,,,,,,,,,,,,,,,,,,,,,26.02566922,20.7257038,22.3950004,23.45640049,26.92186212,23.99510644,18.42242951,18.42464926,16.8787662,,
St. Kitts and Nevis,KNA,"International tourism, receipts (% of total exports)",ST.INT.RCPT.XP.ZS,,,,,,,,,,,,,,,,,,,,,,,,,,,,,,,,,,,,53.16123387,53.283803,51.34028786,48.97177162,47.25428028,38.66953108,40.54653041,37.1806316,45.4048091,53.10659294,53.38437457,56.00133947,53.64335179,46.87084117,47.48946156,43.24213383,44.5261811,42.37184504,39.76572687,,,
"Korea, Rep.",KOR,"International tourism, receipts (% of total exports)",ST.INT.RCPT.XP.ZS,,,,,,,,,,,,,,,,,,,,,,,,,,,,,,,,,,,,4.629327588,4.248139516,3.930472266,5.329025226,5.072704505,4.217305742,4.466352892,3.967605266,3.034969083,2.728217952,2.467376462,2.18603989,2.03899529,2.566825497,3.043377694,2.626364665,2.569027306,2.666176738,2.721167215,3.131039894,2.985583469,
Kuwait,KWT,"International tourism, receipts (% of total exports)",ST.INT.RCPT.XP.ZS,,,,,,,,,,,,,,,,,,,,,,,,,,,,,,,,,,,,2.159657049,2.366457345,2.468683491,4.005781501,2.480990778,1.849654492,1.597678586,1.880730237,1.315246154,1.214464992,0.824723373,0.782773315,0.729074716,0.616767916,1.001682468,0.753879309,0.570155016,0.607101822,0.507690704,0.553756937,1.516508729,
Latin America & Caribbean (excluding high income),LAC,"International tourism, receipts (% of total exports)",ST.INT.RCPT.XP.ZS,,,,,,,,,,,,,,,,,,,,,,,,,,,,,,,,,,,,8.429402051,8.480928407,8.267965462,7.678332079,7.575206473,6.896232273,7.044414452,6.816498161,7.005745263,6.577301489,6.280518761,5.939141481,5.837696609,5.420108375,6.262608999,5.262400489,4.612435707,4.814564497,5.176372794,5.670835519,6.775218187,
Lao PDR,LAO,"International tourism, receipts (% of total exports)",ST.INT.RCPT.XP.ZS,,,,,,,,,,,,,,,,,,,,,,,,,,,,,,,,,,,,15.84882658,18.25028969,14.49275362,20.15375026,22.35508188,22.53142541,22.24110408,23.0705957,16.6352132,22.50447242,18.88252626,14.47360224,15.82234201,18.74748241,18.69045484,17.05502743,17.18240854,16.18740166,20.13061091,18.74806152,19.05699846,
Lebanon,LBN,"International tourism, receipts (% of total exports)",ST.INT.RCPT.XP.ZS,,,,,,,,,,,,,,,,,,,,,,,,,,,,,,,,,,,,,,,,,,,74.75875966,60.20984767,50.12311462,45.13390048,37.66922971,35.48699091,28.59770686,33.92417308,38.71897895,27.12497449,36.56150267,35.20439002,36.25790156,36.59345572,
Liberia,LBR,"International tourism, receipts (% of total exports)",ST.INT.RCPT.XP.ZS,,,,,,,,,,,,,,,,,,,,,,,,,,,,,,,,,,,,,,,,,,,,,18.60125875,19.39209839,25.24776256,24.15317392,20.82866733,27.08816626,3.005986885,18.56390873,,,7.950659312,8.931769169,
Libya,LBY,"International tourism, receipts (% of total exports)",ST.INT.RCPT.XP.ZS,,,,,,,,,,,,,,,,,,,,,,,,,,,,,,,,,,,,0.053238047,0.050277663,0.036567002,0.428642515,0.531705467,0.687960688,0.831946755,1.970347249,1.824324324,1.461202553,1.024401865,0.642748011,0.210470369,0.159272046,0.424679487,0.344512424,,,,,,
St. Lucia,LCA,"International tourism, receipts (% of total exports)",ST.INT.RCPT.XP.ZS,,,,,,,,,,,,,,,,,,,,,,,,,,,,,,,,,,,,60.57709191,67.11627614,70.53830506,72.58754014,71.14874004,74.56071386,71.07719632,65.7912432,72.28559612,70.22310085,72.7735625,66.78660513,66.06486613,58.0160526,54.41655376,50.7499104,56.03637757,55.78789756,57.62429623,,,
Latin America & Caribbean,LCN,"International tourism, receipts (% of total exports)",ST.INT.RCPT.XP.ZS,,,,,,,,,,,,,,,,,,,,,,,,,,,,,,,,,,,,9.380808985,9.440503453,9.223080014,8.618065399,8.478758524,7.718633082,7.836509238,7.610609179,7.685846604,7.117798376,6.716825016,6.196727053,6.103561366,5.722336195,6.678383286,5.625394936,5.04794282,5.320064955,5.662809391,6.041479075,7.200640187,
Least developed countries: UN classification,LDC,"International tourism, receipts (% of total exports)",ST.INT.RCPT.XP.ZS,,,,,,,,,,,,,,,,,,,,,,,,,,,,,,,,,,,,9.410910506,9.293733948,7.94067943,9.032713773,9.057292158,7.697098195,8.670959036,8.834750899,8.203034015,8.243156846,6.76472154,6.233394822,6.505144322,6.049619451,7.740787532,6.900358289,6.70845477,7.337029491,7.285117417,7.796107681,8.333799181,
Low income,LIC,"International tourism, receipts (% of total exports)",ST.INT.RCPT.XP.ZS,,,,,,,,,,,,,,,,,,,,,,,,,,,,,,,,,,,,16.85147533,16.32269603,14.85065219,15.90100602,16.85479759,16.14818056,17.54522491,18.40738724,19.1323296,19.68020425,14.73658987,14.4426944,14.10955916,13.7878321,14.34292391,12.39799269,12.59796765,12.7026994,11.27328417,9.474725442,12.98552556,
Liechtenstein,LIE,"International tourism, receipts (% of total exports)",ST.INT.RCPT.XP.ZS,,,,,,,,,,,,,,,,,,,,,,,,,,,,,,,,,,,,,,,,,,,,,,,,,,,,,,,,,
Sri Lanka,LKA,"International tourism, receipts (% of total exports)",ST.INT.RCPT.XP.ZS,,,,,,,,,,,,,,,,,,,,,,,,,,,,,,,,,,,,7.948647802,5.801586751,6.365653459,6.445908309,7.445371221,6.083162304,5.621854921,9.954000452,10.8345342,11.09304982,9.243226068,8.615918008,7.966096294,7.940274894,8.399336074,9.405396932,10.41582678,12.93702749,16.61877249,19.58765882,23.5362489,
Lower middle income,LMC,"International tourism, receipts (% of total exports)",ST.INT.RCPT.XP.ZS,,,,,,,,,,,,,,,,,,,,,,,,,,,,,,,,,,,,8.962205487,9.231667028,9.205135431,8.940191061,10.18016395,8.843814407,9.137908829,9.023607912,8.129750877,8.478947837,7.816867229,7.6639797,8.012890096,7.221425353,7.918957867,7.441253851,6.075429763,6.531215932,6.426882151,6.770147104,7.2224313,
Low & middle income,LMY,"International tourism, receipts (% of total exports)",ST.INT.RCPT.XP.ZS,,,,,,,,,,,,,,,,,,,,,,,,,,,,,,,,,,,,8.100795299,8.448464512,8.836130651,8.765241017,8.797807952,8.001580918,8.805983236,9.123500288,7.80464621,7.592585358,6.756755053,6.306303963,6.27378052,5.742565691,6.659723631,5.875921297,5.202099173,5.354808588,5.512384481,6.35846697,7.115499423,
Lesotho,LSO,"International tourism, receipts (% of total exports)",ST.INT.RCPT.XP.ZS,,,,,,,,,,,,,,,,,,,,,,,,,,,,,,,,,,,,14.57470281,14.68560383,11.91734531,10.00000695,10.68435694,6.709229039,4.249947131,3.198540856,3.572824574,3.720393846,4.041432414,3.830986682,3.553995362,3.21755726,3.867576606,2.489758334,1.966005304,2.170197875,1.932036024,1.766875827,3.489713123,
Late-demographic dividend,LTE,"International tourism, receipts (% of total exports)",ST.INT.RCPT.XP.ZS,,,,,,,,,,,,,,,,,,,,,,,,,,,,,,,,,,,,8.570870096,9.183386687,9.595511444,9.727563151,9.597816216,8.474723483,8.861834554,9.269055459,6.872703514,6.581102458,5.615926548,5.323817488,5.330360097,4.886536047,5.475584009,4.835206274,4.403914872,4.542284541,4.689579318,5.61853205,6.251871563,
Lithuania,LTU,"International tourism, receipts (% of total exports)",ST.INT.RCPT.XP.ZS,,,,,,,,,,,,,,,,,,,,,,,,,,,,,,,,,,,,3.196177121,8.193455804,8.617412789,11.28981676,16.17949106,9.683463347,8.051339127,8.82116342,8.64596715,7.763581243,6.565140265,6.167172651,5.747249338,4.527375879,4.974530992,3.951206019,4.047298915,3.767202881,3.518920098,3.522703285,4.172897228,
Luxembourg,LUX,"International tourism, receipts (% of total exports)",ST.INT.RCPT.XP.ZS,,,,,,,,,,,,,,,,,,,,,,,,,,,,,,,,,,,,,,,,6.603302302,5.826587619,6.150468115,8.105878196,8.110904022,7.906191579,6.877260555,5.706778404,5.247470929,5.385952757,6.044466749,5.496237541,5.561921925,5.586882824,5.129072249,4.920659544,4.307914435,
Latvia,LVA,"International tourism, receipts (% of total exports)",ST.INT.RCPT.XP.ZS,,,,,,,,,,,,,,,,,,,,,,,,,,,,,,,,,,,,1.772350659,9.60124492,9.076106435,7.919520548,5.777945619,7.341511659,6.004096564,6.922243384,6.947209379,6.379468223,6.132717966,7.188087025,7.250359747,5.541923555,6.350445047,4.978339399,4.708575591,4.324775181,6.531458864,6.669273093,7.115792024,
"Macao SAR, China",MAC,"International tourism, receipts (% of total exports)",ST.INT.RCPT.XP.ZS,,,,,,,,,,,,,,,,,,,,,,,,,,,,,,,,,,,,,,,,,,,64.40627975,68.23151285,73.67118734,69.98044896,72.60208602,76.98402419,82.04721604,89.57678282,91.89207569,93.48629058,93.15541106,93.44891132,92.08381866,90.63680501,
St. Martin (French part),MAF,"International tourism, receipts (% of total exports)",ST.INT.RCPT.XP.ZS,,,,,,,,,,,,,,,,,,,,,,,,,,,,,,,,,,,,,,,,,,,,,,,,,,,,,,,,,
Morocco,MAR,"International tourism, receipts (% of total exports)",ST.INT.RCPT.XP.ZS,,,,,,,,,,,,,,,,,,,,,,,,,,,,,,,,,,,,19.41563458,22.70740119,20.97153846,23.3573596,24.68938535,25.7601314,31.06519256,30.00201058,30.825748,31.31397949,32.70229729,35.53941895,34.68547498,29.07972222,33.25164489,30.2305823,28.5792243,26.25652921,25.14533159,24.41420852,23.32369632,
Monaco,MCO,"International tourism, receipts (% of total exports)",ST.INT.RCPT.XP.ZS,,,,,,,,,,,,,,,,,,,,,,,,,,,,,,,,,,,,,,,,,,,,,,,,,,,,,,,,,
Moldova,MDA,"International tourism, receipts (% of total exports)",ST.INT.RCPT.XP.ZS,,,,,,,,,,,,,,,,,,,,,,,,,,,,,,,,,,,,8.035946714,5.382768681,7.382724425,8.657188848,8.889856492,10.17239533,9.127820969,9.535034631,8.432423201,9.538327897,10.35864947,11.34601566,13.11982583,13.6296186,14.0443685,11.36927415,9.231433662,10.30029609,10.41790297,10.89862921,11.51366288,
Madagascar,MDG,"International tourism, receipts (% of total exports)",ST.INT.RCPT.XP.ZS,,,,,,,,,,,,,,,,,,,,,,,,,,,,,,,,,,,,14.15144162,13.06367002,17.18927758,20.243242,18.77123895,18.46767863,14.68003815,10.03985408,14.6642939,26.08063187,14.29155877,15.13574578,12.91968093,13.64837616,13.64208462,14.64324033,18.09309988,19.87348734,18.13790748,,,
Maldives,MDV,"International tourism, receipts (% of total exports)",ST.INT.RCPT.XP.ZS,,,,,,,,,,,,,,,,,,,,,,,,,,,,,,,,,,,,66.38788127,72.09312101,71.1748439,70.97185892,72.30599771,70.21688966,70.43409261,68.03415808,68.84512488,68.39663451,170.4792793,158.9211321,83.98556839,79.14706939,86.029783,85.33274297,80.2167123,81.49892745,82.85772873,84.7686361,84.81361581,
Middle East & North Africa,MEA,"International tourism, receipts (% of total exports)",ST.INT.RCPT.XP.ZS,,,,,,,,,,,,,,,,,,,,,,,,,,,,,,,,,,,,,11.46347928,11.89074144,13.60383149,13.45464393,10.64079196,,,10.50801343,10.16568261,7.007158316,6.47638146,6.886174375,5.952245316,8.555486403,8.11078005,5.47937948,5.555806115,5.476008589,6.224231704,9.23507114,
Mexico,MEX,"International tourism, receipts (% of total exports)",ST.INT.RCPT.XP.ZS,,,,,,,,,,,,,,,,,,,,,,,,,,,,,,,,,,,,10.84376256,9.991922875,9.705972368,6.429549892,5.493065381,5.077383399,5.35920235,5.492346556,5.66894009,5.74702912,5.556742984,5.00662063,4.85430357,4.757090701,5.123379316,4.02044828,3.407679821,3.436644581,3.569515567,3.965749886,4.636631339,
Marshall Islands,MHL,"International tourism, receipts (% of total exports)",ST.INT.RCPT.XP.ZS,,,,,,,,,,,,,,,,,,,,,,,,,,,,,,,,,,,,,,,,,,,,,,11.08485309,12.94465737,11.90077605,9.072404798,10.02127228,6.731838915,6.189411303,3.504619121,3.812576352,6.086094543,,
Middle income,MIC,"International tourism, receipts (% of total exports)",ST.INT.RCPT.XP.ZS,,,,,,,,,,,,,,,,,,,,,,,,,,,,,,,,,,,,8.012215202,8.373097477,8.778665712,8.698510964,8.723784276,7.939820419,8.731487226,9.051981183,7.726203838,7.513952744,6.695523788,6.246230507,6.209422583,5.672614644,6.580913243,5.809724334,5.126488544,5.280574933,5.458598211,6.329382536,7.072228611,
"Macedonia, FYR",MKD,"International tourism, receipts (% of total exports)",ST.INT.RCPT.XP.ZS,,,,,,,,,,,,,,,,,,,,,,,,,,,,,,,,,,,,,3.356187371,3.032489465,2.975605203,7.360665917,7.747339915,4.81980542,5.582984235,6.617731205,6.172087938,5.541254889,6.12783003,6.063458462,6.154363088,7.744543761,5.517905191,5.047775138,5.470621204,5.75787481,5.501283134,5.5207701,
Mali,MLI,"International tourism, receipts (% of total exports)",ST.INT.RCPT.XP.ZS,,,,,,,,,,,,,,,,,,,,,,,,,,,,,,,,,,,,4.911204947,5.145731653,3.890278475,4.37771468,5.288186368,7.307918318,10.38378981,10.05235546,11.80456403,11.66246023,10.83499963,9.411871726,11.74419876,11.20933903,9.210456897,8.537489785,7.78388865,4.30352395,5.396958535,6.613567334,,
Malta,MLT,"International tourism, receipts (% of total exports)",ST.INT.RCPT.XP.ZS,,,,,,,,,,,,,,,,,,,,,,,,,,,,,,,,,,,,27.15011811,27.4463052,28.50968171,27.20072675,25.99811737,20.43348525,22.34221332,21.10083727,21.48988684,15.19557518,13.79208932,11.51181786,11.4773457,8.028532569,7.099309274,7.958352802,8.356883452,8.273603025,8.748205825,9.056700863,9.229400711,
Myanmar,MMR,"International tourism, receipts (% of total exports)",ST.INT.RCPT.XP.ZS,,,,,,,,,,,,,,,,,,,,,,,,,,,,,,,,,,,,13.05855472,15.74379037,12.23095103,11.58875873,12.41494899,9.242836362,5.342487705,5.614265298,2.682614589,3.321597312,2.193971905,1.300899954,1.690680066,1.277531499,1.199493248,1.181209181,3.949157799,5.819110928,7.934433219,12.8246691,16.39941384,
Middle East & North Africa (excluding high income),MNA,"International tourism, receipts (% of total exports)",ST.INT.RCPT.XP.ZS,,,,,,,,,,,,,,,,,,,,,,,,,,,,,,,,,,,,13.68872885,13.73159084,14.58353829,16.88615746,16.20866008,13.6680214,19.51128131,24.09591773,24.55261902,22.91351003,12.97891363,11.95980831,12.10143768,10.48021854,14.96988696,14.68070264,11.39340666,11.86998339,11.1086869,12.1045964,15.71803821,
Montenegro,MNE,"International tourism, receipts (% of total exports)",ST.INT.RCPT.XP.ZS,,,,,,,,,,,,,,,,,,,,,,,,,,,,,,,,,,,,,,,,,,,,,,,,41.72608672,47.30474464,55.13696287,51.08799599,48.10862631,50.54874669,50.41791216,52.07379815,55.47370849,
Mongolia,MNG,"International tourism, receipts (% of total exports)",ST.INT.RCPT.XP.ZS,,,,,,,,,,,,,,,,,,,,,,,,,,,,,,,,,,,,6.492228999,4.174493843,4.02446877,8.700481303,8.186798696,7.010773095,7.695922102,20.1839489,18.43824836,16.93806804,13.71118968,12.85913006,13.82466651,8.981075385,11.06309635,8.494875008,4.303580371,4.827576062,5.26816409,4.227020701,5.431147658,
Northern Mariana Islands,MNP,"International tourism, receipts (% of total exports)",ST.INT.RCPT.XP.ZS,,,,,,,,,,,,,,,,,,,,,,,,,,,,,,,,,,,,,,,,,,,,,,,,,,,,,,,,,
Mozambique,MOZ,"International tourism, receipts (% of total exports)",ST.INT.RCPT.XP.ZS,,,,,,,,,,,,,,,,,,,,,,,,,,,,,,,,,,,,,,,,,,,,,,6.611648419,5.221892944,6.339588968,6.638491253,7.865585353,5.236314502,4.90777474,4.819641644,4.781771861,4.847849296,4.884073869,
Mauritania,MRT,"International tourism, receipts (% of total exports)",ST.INT.RCPT.XP.ZS,,,,,,,,,,,,,,,,,,,,,,,,,,,,,,,,,,,,2.181313672,3.713870925,4.579873329,5.094079119,,,,,,,,,,,,,,1.794608188,1.761981536,1.894557339,1.896329593,
Mauritius,MUS,"International tourism, receipts (% of total exports)",ST.INT.RCPT.XP.ZS,,,,,,,,,,,,,,,,,,,,,,,,,,,,,,,,,,,,26.21972499,25.4390571,26.70653194,25.9835632,27.35434499,27.91361952,28.76976834,28.10154264,30.20619078,33.51939308,31.65216171,32.54883204,37.42907113,36.99414797,33.27350666,31.97768961,31.0334939,29.35418381,28.21718673,27.35531239,30.49907317,
Malawi,MWI,"International tourism, receipts (% of total exports)",ST.INT.RCPT.XP.ZS,,,,,,,,,,,,,,,,,,,,,,,,,,,,,,,,,,,,4.684537782,5.674748382,5.526217348,4.377685068,8.439232186,6.629810106,8.482600515,9.536705303,10.65451637,13.105563,7.885783861,5.72856092,4.901735036,4.197056202,3.413818135,3.680608562,2.244014781,2.532741966,2.364941474,2.192319244,2.508328295,
Malaysia,MYS,"International tourism, receipts (% of total exports)",ST.INT.RCPT.XP.ZS,,,,,,,,,,,,,,,,,,,,,,,,,,,,,,,,,,,,6.050229953,6.222281749,5.280618109,3.881317199,4.588006534,5.230374203,7.450942082,7.468982371,5.734173108,6.381494285,6.438690954,6.726341703,8.728680616,8.067439671,9.246603715,8.176145864,7.73562175,8.120662953,8.797577782,9.056706581,8.371373927,
North America,NAC,"International tourism, receipts (% of total exports)",ST.INT.RCPT.XP.ZS,,,,,,,,,,,,,,,,,,,,,,,,,,,,,,,,,,,,10.16419668,10.34830655,9.923591254,9.791453611,9.855365372,9.543018954,9.258112043,9.137946947,8.430279592,8.47650075,8.036317149,7.489571243,7.546079895,7.707205161,8.19467758,8.040155267,7.779780815,8.014995164,8.41514697,8.705718593,9.545978033,
Namibia,NAM,"International tourism, receipts (% of total exports)",ST.INT.RCPT.XP.ZS,,,,,,,,,,,,,,,,,,,,,,,,,,,,,,,,,,,,16.03526653,16.82865949,19.32193207,17.94007572,19.50375111,13.01165828,18.50033951,18.76761693,22.84536696,18.49907514,14.62223878,14.91014165,15.39442444,13.09837651,13.44660962,11.89396502,12.52805271,10.94299469,9.430145527,9.237536484,9.559204189,
New Caledonia,NCL,"International tourism, receipts (% of total exports)",ST.INT.RCPT.XP.ZS,,,,,,,,,,,,,,,,,,,,,,,,,,,,,,,,,,,,,,,,,,,19.36955649,16.31897379,16.20077884,10.1974022,6.823237662,5.377383879,8.482764229,9.692047215,6.647920582,7.227289991,8.470732977,8.828053045,8.335724741,,
Niger,NER,"International tourism, receipts (% of total exports)",ST.INT.RCPT.XP.ZS,,,,,,,,,,,,,,,,,,,,,,,,,,,,,,,,,,,,2.178328542,6.950293077,9.210764071,7.310934212,7.821903799,7.204911701,9.143198919,6.121214974,6.624367376,6.093642072,7.768647245,6.51620183,5.888982159,8.24440229,6.291161143,8.306740841,4.030849009,3.360131212,3.399245734,,,
Nigeria,NGA,"International tourism, receipts (% of total exports)",ST.INT.RCPT.XP.ZS,,,,,,,,,,,,,,,,,,,,,,,,,,,,,,,,,,,,0.38081419,0.344221127,0.518952969,0.821928383,0.7144979,0.887174471,0.855184095,1.411444708,0.211303064,0.128599615,0.243885124,0.352844808,0.499302225,1.089477475,1.35480943,0.889974696,0.671625243,0.648571994,0.619598225,0.716305655,0.938517606,
Nicaragua,NIC,"International tourism, receipts (% of total exports)",ST.INT.RCPT.XP.ZS,,,,,,,,,,,,,,,,,,,,,,,,,,,,,,,,,,,,8.312680587,8.517518212,10.26110765,12.37885547,15.21776865,13.52768456,14.50676983,14.92702344,15.79934828,15.67219003,14.59822979,10.93387608,10.38950456,10.26427962,11.81422659,8.829337094,8.858401853,8.420336813,8.400314256,8.327095808,10.34637877,
Netherlands,NLD,"International tourism, receipts (% of total exports)",ST.INT.RCPT.XP.ZS,,,,,,,,,,,,,,,,,,,,,,,,,,,,,,,,,,,,4.513029699,4.878942904,5.094219565,4.966357844,5.145480299,4.566259178,4.501250446,4.515839958,4.53472237,4.023118949,1.964743373,1.858236907,1.908205614,1.911947021,2.192073644,1.93406572,1.864628873,1.804445763,2.940667862,2.562765699,3.121762115,
Norway,NOR,"International tourism, receipts (% of total exports)",ST.INT.RCPT.XP.ZS,,,,,,,,,,,,,,,,,,,,,,,,,,,,,,,,,,,,4.869972069,4.268121224,3.948797358,4.509997549,4.40086068,3.22747416,3.059018152,3.265324305,3.309017054,3.256579188,3.184997872,2.791109201,3.064178997,2.660560185,3.251463029,3.106611683,3.191304408,3.287633799,3.51827615,3.8834327,4.429794353,
Nepal,NPL,"International tourism, receipts (% of total exports)",ST.INT.RCPT.XP.ZS,,,,,,,,,,,,,,,,,,,,,,,,,,,,,,,,,,,,22.54824825,20.67688938,15.70966894,23.68254438,18.06855483,17.08166288,16.84595454,14.29726986,21.57523594,21.07093932,12.46856028,12.71796036,16.29225618,20.64042157,28.47235039,24.05296789,22.28265523,19.64540242,21.02763012,21.19617932,22.68615527,
Nauru,NRU,"International tourism, receipts (% of total exports)",ST.INT.RCPT.XP.ZS,,,,,,,,,,,,,,,,,,,,,,,,,,,,,,,,,,,,,,,,,,,,,,,,,,,,,,,,,
New Zealand,NZL,"International tourism, receipts (% of total exports)",ST.INT.RCPT.XP.ZS,,,,,,,,,,,,,,,,,,,,,,,,,,,,,,,,,,,,,,,,,,,,,,,,,,,,,,,,,
OECD members,OED,"International tourism, receipts (% of total exports)",ST.INT.RCPT.XP.ZS,,,,,,,,,,,,,,,,,,,,,,,,,,,,,,,,,,,,8.857481514,8.171753528,7.942127711,7.909364261,8.042657259,7.618883399,7.549900176,7.371091288,7.105714239,6.897567828,6.564212965,6.132824828,6.028125592,5.921316563,6.527415228,5.970588753,5.745694829,5.851471366,6.127192077,6.306698751,6.614593633,
Oman,OMN,"International tourism, receipts (% of total exports)",ST.INT.RCPT.XP.ZS,,,,,,,,,,,,,,,,,,,,,,,,,,,,,,,,,,,,,2.536070011,2.422468394,5.720959361,4.574983988,3.203113052,4.606123358,4.57697659,4.429985229,4.25726787,3.193978537,3.27113244,3.431343063,2.79429464,3.730555309,2.791061755,3.065947384,3.142707126,3.179279375,3.478287109,5.737164868,
Other small states,OSS,"International tourism, receipts (% of total exports)",ST.INT.RCPT.XP.ZS,,,,,,,,,,,,,,,,,,,,,,,,,,,,,,,,,,,,21.02461867,19.69936511,19.88195298,22.34458685,22.06590665,19.23978533,18.56554679,18.67136761,18.40482707,17.03117815,15.38299479,16.30137147,16.44540014,14.07730019,14.99520349,15.55949733,8.504188065,8.580706558,9.345623632,10.59910289,15.10793134,
Pakistan,PAK,"International tourism, receipts (% of total exports)",ST.INT.RCPT.XP.ZS,,,,,,,,,,,,,,,,,,,,,,,,,,,,,,,,,,,,5.698283422,5.606507826,6.194932576,6.073184052,5.500279486,5.511653496,5.09024926,4.622470801,4.196277496,4.773192255,4.333943994,4.474196689,4.155654789,3.870841103,4.257607673,3.557171372,3.585403875,3.231975521,3.122191525,3.173202614,3.17772088,
Panama,PAN,"International tourism, receipts (% of total exports)",ST.INT.RCPT.XP.ZS,,,,,,,,,,,,,,,,,,,,,,,,,,,,,,,,,,,,4.888112164,5.826106893,5.620189726,6.009160305,7.118338867,8.042414773,8.34483624,9.379128137,10.59093184,10.22534254,10.48845134,11.45166993,12.28295689,11.58982111,12.22022125,12.74929468,13.35309935,14.90187572,18.0736858,20.37684765,21.22912606,
Peru,PER,"International tourism, receipts (% of total exports)",ST.INT.RCPT.XP.ZS,,,,,,,,,,,,,,,,,,,,,,,,,,,,,,,,,,,,8.23968443,10.85742263,11.21340294,13.13195119,12.21775395,10.4936515,9.354403376,9.389052004,9.633885093,8.444842303,7.419488917,6.794161838,6.490107672,6.984062627,8.026156909,6.372641677,5.634620244,5.958336637,8.172645014,8.652217112,10.35226802,
Philippines,PHL,"International tourism, receipts (% of total exports)",ST.INT.RCPT.XP.ZS,,,,,,,,,,,,,,,,,,,,,,,,,,,,,,,,,,,,4.258257138,4.631233204,5.814443206,3.870391908,11.24729632,8.499326317,8.234716023,7.461913918,6.234593262,7.33984399,8.477273945,9.691696084,11.92762109,6.898713175,6.745784468,6.307517084,7.091283665,7.427028991,8.252323646,8.044152548,8.881550848,
Palau,PLW,"International tourism, receipts (% of total exports)",ST.INT.RCPT.XP.ZS,,,,,,,,,,,,,,,,,,,,,,,,,,,,,,,,,,,,,,,,,,,,,,76.17296244,74.84924825,77.54377075,78.33499304,82.13265033,79.44461096,81.92752184,82.80660183,84.03469664,82.73808094,87.12994666,
Papua New Guinea,PNG,"International tourism, receipts (% of total exports)",ST.INT.RCPT.XP.ZS,,,,,,,,,,,,,,,,,,,,,,,,,,,,,,,,,,,,0.835629265,0.472657994,0.312868835,0.717248753,0.275872938,0.299557996,0.238316994,0.166384213,0.201134856,0.250951869,0.259487297,0.086816464,0.088228082,0.05992638,0.045878639,0.039636005,0.069485561,0.035236443,0.058094234,0.031223821,0.017479294,
Poland,POL,"International tourism, receipts (% of total exports)",ST.INT.RCPT.XP.ZS,,,,,,,,,,,,,,,,,,,,,,,,,,,,,,,,,,,,19.39466906,23.49345915,22.83458609,19.21398388,16.91174557,13.23513531,9.959934651,8.754997446,6.557127222,7.388081759,6.76203966,6.236710468,7.043420816,6.298078097,6.003703366,5.229183816,5.169269273,5.348137284,5.121676904,4.983227299,4.808592278,
Pre-demographic dividend,PRE,"International tourism, receipts (% of total exports)",ST.INT.RCPT.XP.ZS,,,,,,,,,,,,,,,,,,,,,,,,,,,,,,,,,,,,6.639481756,5.826784835,6.204271747,8.264846065,7.345665123,4.282918739,5.363651243,5.580765763,4.759494951,4.217362501,3.124726472,3.022507508,3.401310488,2.931799964,4.139795106,3.553198136,3.115040257,3.294834629,3.74328339,4.106293318,6.288121151,
Puerto Rico,PRI,"International tourism, receipts (% of total exports)",ST.INT.RCPT.XP.ZS,,,,,,,,,,,,,,,,,,,,,,,,,,,,,,,,,,,,,,,,,,,,,,,,,,,,,,,,,
"Korea, Dem. Peoples Rep.",PRK,"International tourism, receipts (% of total exports)",ST.INT.RCPT.XP.ZS,,,,,,,,,,,,,,,,,,,,,,,,,,,,,,,,,,,,,,,,,,,,,,,,,,,,,,,,,
Portugal,PRT,"International tourism, receipts (% of total exports)",ST.INT.RCPT.XP.ZS,,,,,,,,,,,,,,,,,,,,,,,,,,,,,,,,,,,,17.51865225,16.96220137,16.99279751,18.80269502,17.88701861,17.96322279,18.58214372,18.07846136,17.18980635,17.05003852,17.02063699,16.72609848,17.19402605,16.96788816,18.58015916,18.11124047,17.38055593,17.63554383,17.7884441,18.87722172,19.20225126,
Paraguay,PRY,"International tourism, receipts (% of total exports)",ST.INT.RCPT.XP.ZS,,,,,,,,,,,,,,,,,,,,,,,,,,,,,,,,,,,,2.886782425,3.071174752,2.992247058,2.512594319,2.489699092,2.285749024,2.626747621,2.214555527,2.22018519,1.978782769,1.879014631,1.778043568,1.550968138,1.262566085,2.708318422,2.191304315,1.962399553,2.357826578,2.080335072,2.265658413,2.986284711,
West Bank and Gaza,PSE,"International tourism, receipts (% of total exports)",ST.INT.RCPT.XP.ZS,,,,,,,,,,,,,,,,,,,,,,,,,,,,,,,,,,,,33.39444735,29.40461725,26.75772503,34.7781153,36.27015463,31.9785482,6.007468745,7.95311846,29.5090847,19.269437,7.189311153,3.395424326,9.284563429,12.53218884,17.02991264,29.91296716,34.1778847,25.06556715,25.29190132,19.01248709,19.46029778,
Pacific island small states,PSS,"International tourism, receipts (% of total exports)",ST.INT.RCPT.XP.ZS,,,,,,,,,,,,,,,,,,,,,,,,,,,,,,,,,,,,31.79322559,28.65251511,29.82844049,31.45458916,31.66986613,29.1944632,33.24304418,39.03121531,37.76449383,41.98145146,44.05500849,45.37958927,44.53559544,47.32482722,49.36049476,46.3930024,41.95951488,40.06647474,41.32851305,41.62710578,49.42744691,
Post-demographic dividend,PST,"International tourism, receipts (% of total exports)",ST.INT.RCPT.XP.ZS,,,,,,,,,,,,,,,,,,,,,,,,,,,,,,,,,,,,8.506529007,7.830056462,7.57768298,7.537915947,7.758847021,7.326863937,7.266787535,7.178528415,6.939451878,6.791438042,6.465357337,6.098006954,6.023767196,5.915251774,6.536766847,6.095476078,5.939498333,6.090224968,6.398591082,6.552567845,6.815654086,
French Polynesia,PYF,"International tourism, receipts (% of total exports)",ST.INT.RCPT.XP.ZS,,,,,,,,,,,,,,,,,,,,,,,,,,,,,,,,,,,,,,,,,,,50.92907529,59.29865618,61.40744942,59.39519841,37.75412304,38.92709083,37.78130742,37.90735231,36.04522499,35.798916,38.34221936,39.22362128,40.96811999,,
Qatar,QAT,"International tourism, receipts (% of total exports)",ST.INT.RCPT.XP.ZS,,,,,,,,,,,,,,,,,,,,,,,,,,,,,,,,,,,,,,,,,,,,,,,,,,,,3.663063429,5.053329462,5.848712401,7.541957515,13.14426386,
Romania,ROU,"International tourism, receipts (% of total exports)",ST.INT.RCPT.XP.ZS,,,,,,,,,,,,,,,,,,,,,,,,,,,,,,,,,,,,7.327448687,6.950207469,6.062738789,3.686587543,3.158872716,3.309533809,3.204834022,2.547283958,2.625106661,2.315026697,5.48922878,5.533356319,4.802788406,4.665139565,3.709118808,3.035670589,2.969992225,2.976865644,2.688800482,2.706936851,2.874471132,
Russian Federation,RUS,"International tourism, receipts (% of total exports)",ST.INT.RCPT.XP.ZS,,,,,,,,,,,,,,,,,,,,,,,,,,,,,,,,,,,,4.637229793,6.89742446,7.16221446,7.545749585,4.610417264,3.102597161,4.324947212,4.50397981,3.986155922,3.615996327,2.902895487,2.91716748,3.182966309,3.022539902,3.606636211,2.996379765,2.957721584,3.030991635,3.412066397,3.457644583,3.369837576,
Rwanda,RWA,"International tourism, receipts (% of total exports)",ST.INT.RCPT.XP.ZS,,,,,,,,,,,,,,,,,,,,,,,,,,,,,,,,,,,,5.365715288,7.196388213,13.15526757,17.7813818,18.70947041,21.13389211,18.21217715,25.33243255,21.50691806,21.91723471,27.38216985,39.87935558,41.6712222,32.36083509,37.96990224,35.98734315,32.64950309,33.16578143,27.33430688,24.51575482,28.9891715,
South Asia,SAS,"International tourism, receipts (% of total exports)",ST.INT.RCPT.XP.ZS,,,,,,,,,,,,,,,,,,,,,,,,,,,,,,,,,,,,6.821647898,6.783572596,6.529303801,6.585189583,6.107325277,6.013339351,5.490286731,5.136905098,5.688781109,5.777060474,5.286623913,5.081084722,5.10417446,4.47751512,4.754769632,4.563232709,4.359595075,4.564584891,4.671994282,4.996945969,5.788919084,
Saudi Arabia,SAU,"International tourism, receipts (% of total exports)",ST.INT.RCPT.XP.ZS,,,,,,,,,,,,,,,,,,,,,,,,,,,,,,,,,,,,,,,,,,,,3.454028744,4.919251267,2.407842153,2.114790813,2.765958597,2.098474041,3.337679525,2.878190516,2.47644881,2.103052292,2.241159506,2.609493041,5.129571924,
Sudan,SDN,"International tourism, receipts (% of total exports)",ST.INT.RCPT.XP.ZS,,,,,,,,,,,,,,,,,,,,,,,,,,,,,,,,,,,,1.174743025,1.192250373,0.639284002,0.327064595,0.232099339,0.272613271,0.175100683,5.189114391,0.65925969,0.549467801,2.293161219,3.271233964,4.153508166,2.109531214,2.691949088,0.704078945,1.623409523,15.06253019,12.78170191,16.0583803,19.22644941,
Senegal,SEN,"International tourism, receipts (% of total exports)",ST.INT.RCPT.XP.ZS,,,,,,,,,,,,,,,,,,,,,,,,,,,,,,,,,,,,11.16879966,12.03671773,13.44570425,12.99682267,12.68826568,11.63631369,12.49915852,13.80864767,14.77644059,13.12694717,14.18404584,13.70381536,21.6432961,18.23138831,15.21855889,14.44362,13.83400042,11.8215205,11.76231767,11.19217371,,
Singapore,SGP,"International tourism, receipts (% of total exports)",ST.INT.RCPT.XP.ZS,,,,,,,,,,,,,,,,,,,,,,,,,,,,,,,,,,,,4.778421937,4.360904263,3.717142842,3.204505046,3.328629657,2.836125523,2.817634808,2.607245791,1.930414861,2.15559535,2.154004131,2.215925601,2.345460051,2.388463641,2.494970829,3.002264011,3.200227712,3.296376923,3.27036417,3.210020965,3.170025309,
Solomon Islands,SLB,"International tourism, receipts (% of total exports)",ST.INT.RCPT.XP.ZS,,,,,,,,,,,,,,,,,,,,,,,,,,,,,,,,,,,,8.138749301,7.454178097,4.276907968,3.605896339,4.391725076,3.29167583,9.601712444,1.618318905,1.741298485,3.022970292,4.37813243,19.00683532,15.13805141,12.02784374,17.53766438,16.09329281,12.26858347,10.56876972,12.29272334,11.41304064,11.40823329,
Sierra Leone,SLE,"International tourism, receipts (% of total exports)",ST.INT.RCPT.XP.ZS,,,,,,,,,,,,,,,,,,,,,,,,,,,,,,,,,,,,44.42473586,26.45198544,21.00690468,11.8357726,20.95594384,18.16694179,17.25853539,38.70618152,33.92634491,27.93591869,24.44780475,7.602845819,6.656225832,10.28871294,6.787769409,6.236996789,8.174435259,3.816962189,3.755629614,2.354903674,,
El Salvador,SLV,"International tourism, receipts (% of total exports)",ST.INT.RCPT.XP.ZS,,,,,,,,,,,,,,,,,,,,,,,,,,,,,,,,,,,,9.700369344,9.38922715,6.933524207,9.358777438,18.37837838,17.41799195,18.56567814,20.67050188,24.39748556,26.40916392,19.62820118,18.19305322,18.23256755,14.7824731,13.02246555,12.99506481,12.40100501,14.7503113,16.41308385,19.75454807,17.90701855,
San Marino,SMR,"International tourism, receipts (% of total exports)",ST.INT.RCPT.XP.ZS,,,,,,,,,,,,,,,,,,,,,,,,,,,,,,,,,,,,,,,,,,,,,,,,,,,,,,,,,
Somalia,SOM,"International tourism, receipts (% of total exports)",ST.INT.RCPT.XP.ZS,,,,,,,,,,,,,,,,,,,,,,,,,,,,,,,,,,,,,,,,,,,,,,,,,,,,,,,,,
Serbia,SRB,"International tourism, receipts (% of total exports)",ST.INT.RCPT.XP.ZS,,,,,,,,,,,,,,,,,,,,,,,,,,,,,,,,,,,,,,,,,,,,,,,,9.133234296,7.890057186,8.770767661,7.54304583,7.406334087,7.330453043,6.590914315,7.049029683,7.625327571,
Sub-Saharan Africa (excluding high income),SSA,"International tourism, receipts (% of total exports)",ST.INT.RCPT.XP.ZS,,,,,,,,,,,,,,,,,,,,,,,,,,,,,,,,,,,,7.870135282,7.778074008,8.204093284,9.874558717,9.53036449,7.309070202,8.094595192,8.713716287,9.835403991,8.929968192,7.629620377,7.455510739,7.347095826,6.099734444,7.536558123,6.607263371,6.085208063,6.573356415,6.216540146,6.755213356,7.867462734,
South Sudan,SSD,"International tourism, receipts (% of total exports)",ST.INT.RCPT.XP.ZS,,,,,,,,,,,,,,,,,,,,,,,,,,,,,,,,,,,,,,,,,,,,,,,,,,,,,,,0.021111262,,
Sub-Saharan Africa,SSF,"International tourism, receipts (% of total exports)",ST.INT.RCPT.XP.ZS,,,,,,,,,,,,,,,,,,,,,,,,,,,,,,,,,,,,8.116858653,7.951590484,8.384267064,10.06775833,9.719496194,7.497594267,8.279731923,8.913541148,9.99030397,9.052721557,7.724459845,7.557365708,7.455564046,6.195932142,7.636919996,6.688199917,6.157410711,6.652055993,6.306814028,6.853230827,8.002455133,
Small states,SST,"International tourism, receipts (% of total exports)",ST.INT.RCPT.XP.ZS,,,,,,,,,,,,,,,,,,,,,,,,,,,,,,,,,,,,25.995383,25.22761836,25.64697885,27.97591743,27.5701317,24.68460555,23.68481707,23.9737496,23.10467943,21.42267173,19.35381509,19.28289998,19.28142118,16.44953863,18.80556165,18.92028788,10.57743435,10.90221166,11.60906513,12.35159946,17.48917939,
Sao Tome and Principe,STP,"International tourism, receipts (% of total exports)",ST.INT.RCPT.XP.ZS,,,,,,,,,,,,,,,,,,,,,,,,,,,,,,,,,,,,,,,36.2727717,56.18208247,60.85802774,56.03867982,46.7117073,46.87489351,51.09732725,45.78467708,41.57664713,37.00796752,43.97643866,42.31923503,45.6519657,54.18690307,45.54162065,62.966946,64.48047563,69.50338333,
Suriname,SUR,"International tourism, receipts (% of total exports)",ST.INT.RCPT.XP.ZS,,,,,,,,,,,,,,,,,,,,,,,,,,,,,,,,,,,,,,,,,,,,,,6.781576717,7.724470271,4.527412553,4.093307689,4.145691442,2.967103849,2.42304634,2.750860246,3.553653142,4.380107408,5.37126638,
Slovak Republic,SVK,"International tourism, receipts (% of total exports)",ST.INT.RCPT.XP.ZS,,,,,,,,,,,,,,,,,,,,,,,,,,,,,,,,,,,,5.74331062,6.253793614,4.700161015,3.788754663,3.842789725,3.119475595,4.205682452,5.679373991,4.661050384,2.35846962,2.843962901,2.886517015,3.263995984,3.715820524,4.218257307,3.4315929,3.018408167,2.780805893,2.856724122,2.838865884,2.962813559,
Slovenia,SVN,"International tourism, receipts (% of total exports)",ST.INT.RCPT.XP.ZS,,,,,,,,,,,,,,,,,,,,,,,,,,,,,,,,,,,,11.6787112,13.01964135,12.46667074,10.80098589,10.13706597,9.539906103,9.415007112,9.043308972,9.123224264,8.861422759,8.589335438,7.93965077,7.463025586,7.98398617,9.480773668,8.822110212,8.177756872,8.079686959,8.084359909,7.777462974,8.090000754,
Sweden,SWE,"International tourism, receipts (% of total exports)",ST.INT.RCPT.XP.ZS,,,,,,,,,,,,,,,,,,,,,,,,,,,,,,,,,,,,4.608689319,4.473873299,3.997644156,4.767944927,4.652110048,4.299293655,4.942843988,5.30873619,4.981803627,4.767248685,4.38454438,4.87548745,5.061739597,4.564704867,5.186846393,4.845726716,3.897432729,4.054951289,4.293423215,4.617519536,5.03176993,
Swaziland,SWZ,"International tourism, receipts (% of total exports)",ST.INT.RCPT.XP.ZS,,,,,,,,,,,,,,,,,,,,,,,,,,,,,,,,,,,,5.340244259,4.472902025,4.243718487,4.822536246,1.51819658,1.937479156,2.015772215,3.877167876,3.804486716,3.789657701,4.28336161,4.086260059,1.519661942,1.507808728,2.25857853,2.491728525,0.965826981,1.397832255,0.635563675,0.768913568,0.752521686,
Sint Maarten (Dutch part),SXM,"International tourism, receipts (% of total exports)",ST.INT.RCPT.XP.ZS,,,,,,,,,,,,,,,,,,,,,,,,,,,,,,,,,,,,,,,,,,,,,,,,,,,,71.00894067,72.9701992,70.95932932,73.85704568,75.81165216,
Seychelles,SYC,"International tourism, receipts (% of total exports)",ST.INT.RCPT.XP.ZS,,,,,,,,,,,,,,,,,,,,,,,,,,,,,,,,,,,,67.43045705,54.5371924,52.78570725,51.57753901,47.75903472,46.70862664,43.28235289,44.90966557,41.82736682,40.78372898,37.37823377,37.98373525,46.38464675,45.22931468,41.06875322,41.86747201,40.320199,34.79916596,33.24366553,34.96539345,37.23763929,
Syrian Arab Republic,SYR,"International tourism, receipts (% of total exports)",ST.INT.RCPT.XP.ZS,,,,,,,,,,,,,,,,,,,,,,,,,,,,,,,,,,,,21.85165885,19.51423786,17.96417805,21.15224626,18.89316474,15.80715851,15.35995726,11.79044609,12.44854507,19.14882799,17.67720639,16.04550149,19.0305239,16.0815703,24.11058827,32.17416736,,,,,,
Turks and Caicos Islands,TCA,"International tourism, receipts (% of total exports)",ST.INT.RCPT.XP.ZS,,,,,,,,,,,,,,,,,,,,,,,,,,,,,,,,,,,,,,,,,,,,,,,,,,,,,,,,,
Chad,TCD,"International tourism, receipts (% of total exports)",ST.INT.RCPT.XP.ZS,,,,,,,,,,,,,,,,,,,,,,,,,,,,,,,,,,,,,,,,,,,,,,,,,,,,,,,,,
East Asia & Pacific (IDA & IBRD countries),TEA,"International tourism, receipts (% of total exports)",ST.INT.RCPT.XP.ZS,,,,,,,,,,,,,,,,,,,,,,,,,,,,,,,,,,,,7.7845145,8.068711112,8.734336902,7.960641511,9.12331815,8.456049767,9.189499983,9.161289272,5.686686252,6.014842617,5.172939301,5.015050212,4.967655007,4.527173132,4.915827738,4.495808777,4.176539214,4.294925271,4.442741722,5.826853426,6.396450216,
Europe & Central Asia (IDA & IBRD countries),TEC,"International tourism, receipts (% of total exports)",ST.INT.RCPT.XP.ZS,,,,,,,,,,,,,,,,,,,,,,,,,,,,,,,,,,,,8.93265112,10.48453907,11.05428349,11.53441588,9.562329718,8.659626625,9.704296642,9.925456767,9.165626095,8.703357567,8.411613959,7.387472792,7.544852364,6.998738911,8.325209589,6.880999076,6.466411866,6.550227774,7.06619799,7.144958897,7.809415873,
Togo,TGO,"International tourism, receipts (% of total exports)",ST.INT.RCPT.XP.ZS,,,,,,,,,,,,,,,,,,,,,,,,,,,,,,,,,,,,2.797362345,1.795809261,2.348455093,3.022273283,2.174401331,2.596807935,3.263657731,3.111407072,3.754476598,3.328927462,3.329212412,2.767505036,4.162510707,3.874292998,6.100745883,8.099479597,12.38474048,11.7644209,11.60379684,12.84031515,14.15138669,
Thailand,THA,"International tourism, receipts (% of total exports)",ST.INT.RCPT.XP.ZS,,,,,,,,,,,,,,,,,,,,,,,,,,,,,,,,,,,,13.16937735,14.51639371,12.49945476,12.06824318,13.18578665,12.15114362,12.32219222,12.75496862,11.13742677,11.44898214,9.361312233,10.89718781,11.371641,10.80353227,10.88707805,10.47162009,11.76069579,13.61150742,15.97900606,14.89861651,17.5919688,
Tajikistan,TJK,"International tourism, receipts (% of total exports)",ST.INT.RCPT.XP.ZS,,,,,,,,,,,,,,,,,,,,,,,,,,,,,,,,,,,,,,,,,,,0.650925382,0.623288031,0.786987619,0.725426535,0.680431802,0.967419425,1.34944099,1.600670213,3.796874518,3.728538911,4.573651146,5.231014859,26.30745929,17.71070713,
Turkmenistan,TKM,"International tourism, receipts (% of total exports)",ST.INT.RCPT.XP.ZS,,,,,,,,,,,,,,,,,,,,,,,,,,,,,,,,,,,,,,,,,,,,,,,,,,,,,,,,,
Latin America & the Caribbean (IDA & IBRD countries),TLA,"International tourism, receipts (% of total exports)",ST.INT.RCPT.XP.ZS,,,,,,,,,,,,,,,,,,,,,,,,,,,,,,,,,,,,8.529665704,8.61563088,8.441830951,7.885960746,7.705989675,7.015189875,7.141329446,6.889474504,7.005207832,6.537721319,6.168933907,5.720744231,5.657773079,5.325990146,6.203749245,5.218305347,4.644706843,4.872719827,5.195339557,5.618945756,6.719795256,
Timor-Leste,TLS,"International tourism, receipts (% of total exports)",ST.INT.RCPT.XP.ZS,,,,,,,,,,,,,,,,,,,,,,,,,,,,,,,,,,,,,,,,,,,,,,,46.83561862,37.59413978,24.078208,24.18747787,25.29253084,17.77628361,20.44994969,33.006023,39.06460116,56.03970712,
Middle East & North Africa (IDA & IBRD countries),TMN,"International tourism, receipts (% of total exports)",ST.INT.RCPT.XP.ZS,,,,,,,,,,,,,,,,,,,,,,,,,,,,,,,,,,,,13.4561657,13.55095668,14.42391865,16.58014056,15.91519372,13.48130991,19.65622911,24.21382373,24.52070477,22.93519394,12.9995751,11.98584745,12.11184692,10.47399976,14.9612706,14.6166797,11.26110676,11.79272994,11.01243652,12.05462273,15.67698812,
Tonga,TON,"International tourism, receipts (% of total exports)",ST.INT.RCPT.XP.ZS,,,,,,,,,,,,,,,,,,,,,,,,,,,,,,,,,,,,,,,,,,25.91440534,14.47702038,23.04757345,30.79391793,29.45413072,45.77338301,35.0517958,39.32578581,38.88141298,49.75914318,43.66202746,50.88769094,54.20553997,,,
South Asia (IDA & IBRD),TSA,"International tourism, receipts (% of total exports)",ST.INT.RCPT.XP.ZS,,,,,,,,,,,,,,,,,,,,,,,,,,,,,,,,,,,,6.821647898,6.783572596,6.529303801,6.585189583,6.107325277,6.013339351,5.490286731,5.136905098,5.688781109,5.777060474,5.286623913,5.081084722,5.10417446,4.47751512,4.754769632,4.563232709,4.359595075,4.564584891,4.671994282,4.996945969,5.788919084,
Sub-Saharan Africa (IDA & IBRD countries),TSS,"International tourism, receipts (% of total exports)",ST.INT.RCPT.XP.ZS,,,,,,,,,,,,,,,,,,,,,,,,,,,,,,,,,,,,8.116858653,7.951590484,8.384267064,10.06775833,9.719496194,7.497594267,8.279731923,8.913541148,9.99030397,9.052721557,7.724459845,7.557365708,7.455564046,6.195932142,7.636919996,6.688199917,6.157410711,6.652055993,6.306814028,6.853230827,8.002455133,
Trinidad and Tobago,TTO,"International tourism, receipts (% of total exports)",ST.INT.RCPT.XP.ZS,,,,,,,,,,,,,,,,,,,,,,,,,,,,,,,,,,,,8.28951132,9.306214574,11.48806548,12.15118531,10.73940036,7.682908745,7.41531912,8.840605208,7.430835416,7.692246579,5.451045616,3.474597288,4.397562049,2.848051747,5.49716432,5.209398244,3.570694839,,,,,
Tunisia,TUN,"International tourism, receipts (% of total exports)",ST.INT.RCPT.XP.ZS,,,,,,,,,,,,,,,,,,,,,,,,,,,,,,,,,,,,23.03589319,23.24941759,22.73487147,23.50579128,24.2441817,23.09982909,21.77722138,19.34165787,17.76645674,18.01138689,19.22011594,18.87224475,16.89537064,15.58613096,17.78424023,15.71511778,11.2426709,13.23369162,13.02769952,14.09962856,10.70880481,
Turkey,TUR,"International tourism, receipts (% of total exports)",ST.INT.RCPT.XP.ZS,,,,,,,,,,,,,,,,,,,,,,,,,,,,,,,,,,,,13.55075039,12.51384275,13.58872846,13.26200639,11.43969043,15.16493555,20.14891019,21.7369863,18.72712831,17.28497139,19.5239394,15.96546114,14.89995391,14.85605146,18.09106337,16.71567849,16.49986387,15.35946281,17.23535266,17.55849662,17.80818473,
Tuvalu,TUV,"International tourism, receipts (% of total exports)",ST.INT.RCPT.XP.ZS,,,,,,,,,,,,,,,,,,,,,,,,,,,,,,,,,,,,,,,,,,,,,,45.6791503,39.79815469,45.92231084,46.78937795,27.20730832,17.06911325,16.1629058,10.75241109,11.66861684,,,
Tanzania,TZA,"International tourism, receipts (% of total exports)",ST.INT.RCPT.XP.ZS,,,,,,,,,,,,,,,,,,,,,,,,,,,,,,,,,,,,39.67907948,34.47049626,27.51400122,33.91927741,38.85835359,27.99409376,35.43319865,33.63689575,30.15757893,29.13659598,28.09880314,28.615518,29.61756957,23.18215939,23.13334822,20.07842098,18.6936465,20.21755308,22.92037556,23.48168874,23.82311192,
Uganda,UGA,"International tourism, receipts (% of total exports)",ST.INT.RCPT.XP.ZS,,,,,,,,,,,,,,,,,,,,,,,,,,,,,,,,,,,,11.74168297,14.92289836,17.82790133,20.97657616,22.22222222,24.88312472,27.33284909,27.60175399,22.18207631,23.66892223,24.77265376,19.99317754,16.48198217,17.63320553,20.36528991,23.12811455,22.73328961,23.47629237,25.43562799,17.11897588,24.18294196,
Ukraine,UKR,"International tourism, receipts (% of total exports)",ST.INT.RCPT.XP.ZS,,,,,,,,,,,,,,,,,,,,,,,,,,,,,,,,,,,,1.187220288,2.392140111,2.343404569,3.248749322,3.130445606,3.043736822,3.795948987,4.545867393,4.407350465,7.427963202,8.309482475,8.309378554,8.662802058,8.14985451,8.350614439,7.155700485,6.462487448,6.921263119,7.257798064,3.459869185,3.459947349,
Upper middle income,UMC,"International tourism, receipts (% of total exports)",ST.INT.RCPT.XP.ZS,,,,,,,,,,,,,,,,,,,,,,,,,,,,,,,,,,,,7.713855235,8.104050389,8.63246255,8.62270193,8.283910129,7.672874761,8.609613543,9.060490135,7.612261025,7.245303007,6.383682705,5.862619481,5.727684221,5.250660574,6.201640377,5.338083695,4.85570066,4.931131149,5.190234601,6.208234796,7.032108315,
Uruguay,URY,"International tourism, receipts (% of total exports)",ST.INT.RCPT.XP.ZS,,,,,,,,,,,,,,,,,,,,,,,,,,,,,,,,,,,,20.67411885,23.13370763,20.44010244,16.75344711,18.38297393,22.59804992,21.45896978,15.18528995,13.72630335,13.88443479,13.74533694,12.28565399,13.38457062,12.75045836,16.75947972,15.57070315,18.58984457,16.41682723,14.66701441,13.65093399,15.395876,
United States,USA,"International tourism, receipts (% of total exports)",ST.INT.RCPT.XP.ZS,,,,,,,,,,,,,,,,,,,,,,,,,,,,,,,,,,,,11.80052291,12.00007515,11.45550527,11.26199256,11.49380845,11.24427032,10.84898156,10.66989405,9.95034383,9.959906917,9.492620644,8.69745377,8.72203814,8.944387339,9.222823522,9.063208754,8.821218804,9.058048083,9.526940588,9.904829549,10.88947512,
Uzbekistan,UZB,"International tourism, receipts (% of total exports)",ST.INT.RCPT.XP.ZS,,,,,,,,,,,,,,,,,,,,,,,,,,,,,,,,,,,,,,,,,,,,,,,,,,,,,,,,,
St. Vincent and the Grenadines,VCT,"International tourism, receipts (% of total exports)",ST.INT.RCPT.XP.ZS,,,,,,,,,,,,,,,,,,,,,,,,,,,,,,,,,,,,38.8816433,42.88479674,47.8615834,46.37428827,47.97240803,45.70414103,50.58446848,51.03391238,52.64707106,52.02736313,51.85880336,53.30328009,51.83295961,45.67767413,45.75999658,46.94700721,50.32986281,49.92642629,47.41695353,,,
"Venezuela, RB",VEN,"International tourism, receipts (% of total exports)",ST.INT.RCPT.XP.ZS,,,,,,,,,,,,,,,,,,,,,,,,,,,,,,,,,,,,4.794487544,4.058544304,2.47369466,4.019864088,2.881469863,1.351156694,2.414149699,1.741383032,1.344812865,1.35844245,1.265379088,1.255922052,1.3488385,1.116653094,1.73596228,1.287628581,0.842611468,0.903701778,1.017973946,0.923181385,1.684481648,
British Virgin Islands,VGB,"International tourism, receipts (% of total exports)",ST.INT.RCPT.XP.ZS,,,,,,,,,,,,,,,,,,,,,,,,,,,,,,,,,,,,,,,,,,,,,,,,,,,,,,,,,
Virgin Islands (U.S.),VIR,"International tourism, receipts (% of total exports)",ST.INT.RCPT.XP.ZS,,,,,,,,,,,,,,,,,,,,,,,,,,,,,,,,,,,,,,,,,,,,,,,,,,,,,,,,,
Vietnam,VNM,"International tourism, receipts (% of total exports)",ST.INT.RCPT.XP.ZS,,,,,,,,,,,,,,,,,,,,,,,,,,,,,,,,,,,,,,,,,,,,5.977541523,5.600948867,6.280206428,6.343765303,6.869264164,5.63917866,4.851897808,5.583648067,5.3977407,5.510240198,5.079058167,4.597144931,4.240906573,
Vanuatu,VUT,"International tourism, receipts (% of total exports)",ST.INT.RCPT.XP.ZS,,,,,,,,,,,,,,,,,,,,,,,,,,,,,,,,,,,,40.93604649,45.54959182,43.05066105,48.73465714,42.00560816,43.94995951,41.68185027,63.26210395,60.36400311,57.97195096,58.77037517,59.39618103,64.69761111,68.25470902,70.5131672,74.35550871,71.03793511,75.17965164,80.31940913,71.51909203,78.93435316,
World,WLD,"International tourism, receipts (% of total exports)",ST.INT.RCPT.XP.ZS,,,,,,,,,,,,,,,,,,,,,,,,,,,,,,,,,,,,8.45733366,8.012701099,7.869451476,7.798894012,7.952380725,7.408369382,7.508402596,7.49162652,6.9519209,6.80386246,6.309903194,5.93097027,5.895925765,5.657876262,6.373154341,5.847982981,5.522125953,5.644453223,5.896358628,6.295629007,6.762526634,
Samoa,WSM,"International tourism, receipts (% of total exports)",ST.INT.RCPT.XP.ZS,,,,,,,,,,,,,,,,,,,,,,,,,,,,,,,,,,,,55.38079757,53.6991366,48.21509178,47.73638572,53.48045939,,,,,65.57860428,52.08658422,59.30498352,56.32781388,61.95462183,66.35754013,63.44576704,65.49322677,64.14825658,59.61550988,65.27068658,76.6855994,
Kosovo,XKX,"International tourism, receipts (% of total exports)",ST.INT.RCPT.XP.ZS,,,,,,,,,,,,,,,,,,,,,,,,,,,,,,,,,,,,,,,,,,,,,,,,,,,,,,,,,
"Yemen, Rep.",YEM,"International tourism, receipts (% of total exports)",ST.INT.RCPT.XP.ZS,,,,,,,,,,,,,,,,,,,,,,,,,,,,,,,,,,,,,,,,,,,,,,2.66754461,2.301267732,5.46740526,8.70139959,12.62958792,13.92588872,8.763445825,10.70803459,11.46618134,12.71420421,6.212158837,
South Africa,ZAF,"International tourism, receipts (% of total exports)",ST.INT.RCPT.XP.ZS,,,,,,,,,,,,,,,,,,,,,,,,,,,,,,,,,,,,7.714637,8.837835046,9.359678919,9.88300776,10.09664877,9.022756451,9.067389258,10.01833238,14.09239017,12.95604876,12.67298526,11.62760602,10.9332513,8.908127689,10.36812287,9.568824403,8.438838635,9.505604847,9.252930107,9.577747976,9.454698184,
Zambia,ZMB,"International tourism, receipts (% of total exports)",ST.INT.RCPT.XP.ZS,,,,,,,,,,,,,,,,,,,,,,,,,,,,,,,,,,,,,,2.372576291,4.363001745,6.032324152,7.683750588,7.584196431,5.794639777,7.031466612,4.430946113,15.80792802,11.12799329,11.45940366,9.624153178,9.672563028,6.108506958,5.892332901,4.92822372,4.758049005,5.798924814,8.02581362,
Zimbabwe,ZWE,"International tourism, receipts (% of total exports)",ST.INT.RCPT.XP.ZS,,,,,,,,,,,,,,,,,,,,,,,,,,,,,,,,,,,,,,,,,,,,,,,,,,6.852026493,3.782302527,3.341768388,4.012333494,4.359543316,4.558331118,4.773938975,